strategy_name,scenario,seed,implementation_shortfall_bps,execution_cost,market_impact_cost,total_transaction_fees,completion_rate,average_execution_price,arrival_price,vwap_slippage_bps,terminal_penalty,turnover,reward_total,action_0_pct,action_1_pct,action_2_pct,action_3_pct
TWAP,liquidity_shock,2024,26.467494472750094,8861.33157428633,251.7707643405426,14.67097229777691,1.0,149.11961001147642,148.7286426474371,28.547962385864302,0.0,4373398.719296196,,,,,
VWAP,liquidity_shock,2024,27.010663559854958,9271.532583688095,262.52217910996086,14.670972297776913,1.0,149.12774418091695,148.7286426474371,29.10011471680455,0.0,4373808.920305598,,,,,
POV,liquidity_shock,2024,24.522140771467846,8870.227656502457,354.72184281657326,14.670972297776913,1.0,149.09212258666017,148.7286426474371,27.637384319614092,0.0,4373407.615378412,,,,,
DQN,liquidity_shock,2024,33.05051766767561,13980.079027052905,285.5725645055316,12.70164998784243,0.8965217137318133,149.0518428439516,148.7286426474371,24.066535723272224,5832.917229560866,3786519.22273901,,,,,
Regime-Aware DQN,liquidity_shock,2024,25.904295299922563,9709.948658455747,243.84216592002235,12.316971403657558,0.8531073497506696,149.01639861756618,148.7286426474371,21.618302853555214,4803.107938382016,3670189.6674713595,,,,,
DQN (shuffled regime),liquidity_shock,2024,25.96484094271567,9795.549099155172,292.4607779883228,13.334877448467228,0.9225802567722525,149.03910318752963,148.7286426474371,23.114516712361755,3188.3696597374346,3973945.3413107605,,,,,
PPO,liquidity_shock,2024,19.446505763891384,5692.80510096631,156.3751399273448,5.243436794813318,0.3644868919123987,97.0785227985615,148.7286426474371,10.522628656465287,9215.247091847974,1562574.6633739849,,,,,
Regime-Aware PPO,liquidity_shock,2024,37.45550373401734,17234.551739751485,206.37728296182314,12.616463723713732,0.8955804242315943,149.01221409698832,148.7286426474371,21.292984956736625,7760.9921707969315,3761760.0118131945,,,,,
PPO (shuffled regime),liquidity_shock,2024,26.55459807065231,8891.293306368298,251.48749377309713,14.670972297776917,1.0,149.12087093346224,148.7286426474371,28.634744354826818,0.0,4373428.681028279,,,,,
TWAP,liquidity_shock,123,23.257299784684434,10485.57312297919,317.58765763906615,15.290958413633486,1.0,150.52482301259985,150.1777460002536,31.203712832745065,0.0,4596454.229685422,,,,,
VWAP,liquidity_shock,123,22.55166945480288,10164.668717580533,323.38900442663544,15.290958413633486,1.0,150.51431232440078,150.1777460002536,30.498633445946744,0.0,4596133.325280026,,,,,
POV,liquidity_shock,123,25.603945393528466,11548.311129967024,421.9506850030468,15.290958413633486,1.0,150.56118006293156,150.1777460002536,29.172475385642752,0.0,4597516.9676924115,,,,,
DQN,liquidity_shock,123,27.016485169568444,12658.585327628189,124.17936246982046,4.807878326394222,0.3270104579097391,150.1853636907117,150.1777460002536,8.641727557789858,12507.062245805679,1444660.2783928898,,,,,
Regime-Aware DQN,liquidity_shock,123,19.267833154512623,9629.383705560469,378.2999847419665,13.860560083181557,0.9273537720564218,150.39191770863016,150.1777460002536,22.3117210439578,2677.5924860634777,4165966.817127277,,,,,
DQN (shuffled regime),liquidity_shock,123,21.308884563360476,9772.657996072838,355.2801694116104,15.22665884594312,0.9964070148539685,150.4963390846442,150.1777460002536,29.32046299453891,34.44380859057501,4576647.711646428,,,,,
PPO,liquidity_shock,123,23.270723169288686,10492.381693891848,317.5582641045572,15.290958413633485,1.0,150.52502845607734,150.1777460002536,31.217225373259303,0.0,4596461.038256334,,,,,
Regime-Aware PPO,liquidity_shock,123,18.98905693252997,8475.267686804704,291.432855494841,13.567421367114914,0.895007272053687,150.43253594179433,150.1777460002536,25.05865070309873,2035.2937738839341,4076855.3104329333,,,,,
PPO (shuffled regime),liquidity_shock,123,24.919187131069,11177.696587023249,430.67281749883733,15.290958413633486,1.0,150.55121177073056,150.1777460002536,32.30511090195519,0.0,4597146.353149468,,,,,
TWAP,low_liquidity,2024,23.063274368245878,15940.189129645083,630.6171436840498,36.6092610874191,1.0,149.73878881876894,149.39855578165051,28.386538910317398,0.0,10958719.988583792,,,,,
VWAP,low_liquidity,2024,23.426951863416683,16730.430122155165,655.5562626712864,36.609261087419114,1.0,149.7442639963263,149.39855578165051,28.76094206365134,0.0,10959510.2295763,,,,,
POV,low_liquidity,2024,21.189562531429367,16227.209281181986,891.0559314769216,36.60926108741911,1.0,149.7125686228286,149.39855578165051,27.552951508996053,0.0,10959007.008735325,,,,,
DQN,low_liquidity,2024,20.260651587825272,14629.260301179811,838.0312012059892,35.683995125529464,0.9763859124693726,149.68341861965789,149.39855578165051,24.64195999660092,1968.6368985811769,10679289.467406299,,,,,
Regime-Aware DQN,low_liquidity,2024,20.798223015431155,15576.299016356026,898.1188250578413,36.22401295485096,0.9899164462220866,149.70125106693018,149.39855578165051,25.93167823080679,725.7547275684396,10842756.193592805,,,,,
DQN (shuffled regime),low_liquidity,2024,26.85875805405281,20431.97177279173,801.9920105488376,36.26960842689217,0.9944534360234828,149.7483680061153,149.39855578165051,29.05377966271203,3108.2985103321766,10857323.665389419,,,,,
PPO,low_liquidity,2024,21.184517689873992,13744.698220525286,677.4207969245732,36.53603420032604,0.998368030662857,149.71107590353225,149.39855578165051,26.53544897380645,68.31136202262131,10934763.41755136,,,,,
Regime-Aware PPO,low_liquidity,2024,20.844239739981717,14171.943060076577,737.4964306038518,35.8965877154267,0.9839901035558091,149.67262988109508,149.39855578165051,23.94720336533062,2782.5404117072535,10742637.377639934,,,,,
PPO (shuffled regime),low_liquidity,2024,19.868918233410263,12126.870700847388,747.1024990884167,35.74423212552823,0.9813776544023198,149.6822361001758,149.39855578165051,24.488352027406222,1833.2185855643093,10697291.226194015,,,,,
TWAP,low_liquidity,123,21.48221491052725,24164.517081226586,795.6678898491214,38.23128346916149,1.0,151.1233374132874,150.80093426404522,31.225683899731074,0.0,11538105.30183136,,,,,
VWAP,low_liquidity,123,20.81219476375211,23392.062110701034,808.6413931195674,38.23128346916148,1.0,151.1133327336158,150.80093426404522,30.555601188680594,0.0,11537332.846860837,,,,,
POV,low_liquidity,123,23.55809703574251,26539.45022421491,1059.291976596934,38.23128346916148,1.0,151.15575502405738,150.80093426404522,29.280852108229794,0.0,11540480.23497435,,,,,
DQN,low_liquidity,123,16.967623912471225,17840.428956914104,1120.41859414919,37.89473305775351,0.9904165193923828,151.0538192958491,150.80093426404522,26.43432665049943,463.6307631145952,11429393.255317764,,,,,
Regime-Aware DQN,low_liquidity,123,20.323234703375853,21646.83177656934,879.9596127327402,31.868286572507884,0.8223803303612593,151.0496855648845,150.80093426404522,26.330885175224847,7528.3285903000115,9609966.372130845,,,,,
DQN (shuffled regime),low_liquidity,123,19.094458889645434,20766.2315001749,1017.625164624106,37.818791889649965,0.9898390403691651,151.0850061118142,150.80093426404522,28.571606868835868,555.2788075094116,11409945.380180445,,,,,
PPO,low_liquidity,123,19.51294668267186,22009.516238339806,812.4276213009194,38.192175876130506,0.9989684857303264,151.09383518640826,150.80093426404522,29.268061066033404,27.25003893331704,11524133.806028822,,,,,
Regime-Aware PPO,low_liquidity,123,19.884013576895406,22319.748211981845,857.9806223096111,38.2312834691615,1.0,151.09916492296207,150.80093426404522,29.633310358920596,0.0,11536260.532962117,,,,,
PPO (shuffled regime),low_liquidity,123,19.266291312609912,21682.2268976246,884.4241221176102,38.22430816840687,0.9998448947028746,151.090412252632,150.80093426404522,28.99116428372052,4.290094376425753,11533554.219417494,,,,,
TWAP,liquidity_shock,777,42.63936054730915,21015.334105917616,381.24681159442616,15.717260169238354,1.0,160.1851359481134,159.51170421159833,30.067281118545772,0.0,5029049.347360707,,,,,
VWAP,liquidity_shock,777,43.0931506230331,21299.179553310612,384.5780300792111,15.717260169238354,1.0,160.1922238785799,159.51170421159833,30.52298055182995,0.0,5029333.192808101,,,,,
POV,liquidity_shock,777,37.544741220347575,18602.216745346894,494.57041311810974,15.717260169238354,1.0,160.10826887043103,159.51170421159833,28.979125877251636,0.0,5026636.230000136,,,,,
DQN,liquidity_shock,777,42.24846061165697,20670.82046729106,389.614046991435,13.429985950932075,0.8734754887365541,160.09369181043525,159.51170421159833,24.335722569224664,7306.588022128375,4300487.8323886385,,,,,
Regime-Aware DQN,liquidity_shock,777,39.57492314497141,19414.62522154665,407.4183005678399,14.679262234136521,0.936597376735658,160.11730467181224,159.51170421159833,25.786106739909776,1774.879277345517,4695082.398247388,,,,,
DQN (shuffled regime),liquidity_shock,777,45.118367947672006,22028.36147773049,494.36262821846583,15.664769140438247,0.9969968246833592,160.22595472517295,159.51170421159833,32.50525245771206,79.56959733462,5013683.916613668,,,,,
PPO,liquidity_shock,777,40.715711433928256,20084.266191231865,432.710191699268,15.717260169238354,1.0,160.1569539003043,159.51170421159833,28.15342970156563,0.0,5028118.279446022,,,,,
Regime-Aware PPO,liquidity_shock,777,42.520201201500484,20950.328620648863,380.44466394739277,15.717260169238358,1.0,160.1832012253249,159.51170421159833,29.948581037370694,0.0,5028984.3418754395,,,,,
PPO (shuffled regime),liquidity_shock,777,36.55580299772659,18063.842350618517,533.6861429972886,15.717260169238354,1.0,160.09248097902608,159.51170421159833,23.78573030442449,0.0,5026097.855605409,,,,,
TWAP,normal,777,40.79991337216306,200861.2302516157,3849.4635455364687,157.49254670030615,1.0,161.235448507633,160.58619359942423,28.39625224574803,0.0,50724472.341911584,,,,,
VWAP,normal,777,41.0219833098853,202371.50251841545,3890.7779682369605,157.49254670030624,1.0,161.23885538077369,160.58619359942423,28.617621826554235,0.0,50725982.61417839,,,,,
POV,normal,777,35.44580517847801,175314.98678392096,4979.620681544512,157.4925467003062,1.0,161.15394587096907,160.58619359942423,27.075365719262827,0.0,50698926.098443896,,,,,
DQN,normal,777,40.25520857204184,198357.7058489845,5209.9478403823705,156.72335776083062,0.9955973023479429,161.22788088272387,160.58619359942423,27.45282043042719,1994.1017602498246,50479220.00839725,,,,,
Regime-Aware DQN,normal,777,36.128702881309884,179257.97490221699,4098.845996103967,117.62652784399754,0.7415550629329489,160.99338981559134,160.58619359942423,13.2798906685518,78841.7366520531,37804806.06747815,,,,,
DQN (shuffled regime),normal,777,43.201917949077554,215236.99078942038,2446.0052671394196,73.75234886217746,0.4646488379020794,160.88569779299945,160.58619359942423,6.643442992287957,163635.19775184745,23680010.02358968,,,,,
PPO,normal,777,44.13090764313112,215170.9948903268,4746.024949423057,157.49254670030624,1.0,161.28770333258637,160.58619359942423,31.260283377828337,0.0,50738782.106550306,,,,,
Regime-Aware PPO,normal,777,33.9162025173241,167166.0882764867,4863.942843606958,154.146147393972,0.9783986663598869,161.13052474193458,160.58619359942423,21.312956104380252,2571.7025525446466,49600219.75190349,,,,,
PPO (shuffled regime),normal,777,35.94878720279214,177692.43831500234,4626.35797038163,157.49167299212777,0.9999937070070517,161.16034432750553,160.58619359942423,23.42684996723326,0.4951335545790867,50701022.83441095,,,,,
TWAP,liquidity_shock,42,20.835562487509996,12629.600823368397,396.7186708549502,15.795535854531789,0.9990012894523682,142.05700652538445,141.76443361111959,31.944425650185064,126.17253488738088,4489786.3488361705,,,,,
VWAP,liquidity_shock,42,20.925651359504425,12505.212621946006,406.56631885966254,15.816915371481986,0.9997903377377859,142.05896917535296,141.76443361111959,32.090073744831656,2.267574040698089,4495793.194633808,,,,,
POV,liquidity_shock,42,22.482040320391814,12225.701585644467,561.9331042435897,15.820304121398612,1.0,142.08173899361546,141.76443361111959,29.31926040560482,0.0,4496492.719021222,,,,,
DQN,liquidity_shock,42,18.87052087485558,11821.13817858168,428.03575844004365,15.793206077384223,0.9987915944351059,142.02900664715165,141.76443361111959,29.962093750312572,99.30492124827933,4488350.447115292,,,,,
Regime-Aware DQN,liquidity_shock,42,11.712303179874523,9243.937199741964,524.661323472629,13.781923111500898,0.8946130576226281,141.91621947761396,141.76443361111959,22.142514873040902,4377.10457429222,3912466.066837682,,,,,
DQN (shuffled regime),liquidity_shock,42,18.287346321685796,11714.942546583854,425.72358371099835,15.169559648909418,0.9717092596317297,142.01458305725956,141.76443361111959,28.873470282799794,2427.6043311253025,4309562.945859724,,,,,
PPO,liquidity_shock,42,13.256494234058774,9358.284679854853,398.4087569068054,12.098184154200684,0.8227689119999022,141.87280209808594,141.76443361111959,18.957162431157563,9859.282371896876,3430180.897546439,,,,,
Regime-Aware PPO,liquidity_shock,42,22.579169588140225,13318.217301580133,402.35727586313294,15.810949256842893,0.9996473591753968,142.08233128702736,141.76443361111959,33.69436908391346,56.48908200271495,4494888.298760488,,,,,
PPO (shuffled regime),liquidity_shock,42,31.299407853969562,18103.578990734346,247.0757564474508,10.457762159879971,0.7266805634145157,141.9352346699232,141.76443361111959,23.35847081256481,16425.71872401835,2967119.951947882,,,,,
TWAP,stress,42,-7.375968488299469,46517.99787254447,18336.03969972961,242.66519472087293,0.9995538698470774,133.7189448973047,133.84247629968294,34.749641085664585,570.8105204088613,64876779.12011097,,,,,
VWAP,stress,42,-8.359980404906393,38026.239654167584,18611.373253582224,242.78620324358866,1.0,133.70689588203902,133.84247629968294,33.895924261389894,0.0,64901004.69180672,,,,,
POV,stress,42,14.056587774892302,151334.62405402403,24380.87304437832,242.78620324358866,1.0,134.0202606205704,133.84247629968294,33.17742525927379,0.0,65014313.0762066,,,,,
DQN,stress,42,190.4093396236075,1244107.9392526175,1447.006493210655,27.887508429533938,0.114253224500279,133.7975977655954,133.84247629968294,41.10476086953467,1242129.119353487,7444360.105944323,,,,,
Regime-Aware DQN,stress,42,201.45971826596423,1320023.545338302,607.6453784954131,14.563427520902048,0.06222283700805244,127.06754461100559,133.84247629968294,40.41409689413218,1318381.7660320282,3890342.870241929,,,,,
DQN (shuffled regime),stress,42,199.83144175056412,1311489.1298066603,797.52145563197,15.771536375444313,0.06840216872161717,133.8756679353322,133.84247629968294,46.89098331532061,1311813.2414121171,4208971.528527853,,,,,
PPO,stress,42,-7.984602693419174,49074.84855689486,19894.838705604492,242.78620324358866,1.0,133.71330767910376,133.84247629968294,34.20936322836017,0.0,64912053.30070945,,,,,
Regime-Aware PPO,stress,42,-19.352114288625717,-17169.741314412615,19648.55078692361,242.18552603179236,0.9981157068704987,133.5511207842275,133.84247629968294,22.155127748392555,2513.460689539983,64688600.849780954,,,,,
PPO (shuffled regime),stress,42,-10.530675393143763,62164.745083178146,20753.12839300953,223.30011083490885,0.9336297659168405,133.53487388669743,133.84247629968294,20.823886862565285,117208.3854597559,59684020.878992185,,,,,
TWAP,stress,2024,58.626861316657916,444858.4797707191,23524.909082602233,240.77835400961357,0.9998588841042307,184.86322884891098,183.81695728992148,29.576717102956696,132.40662248803932,88995685.26506391,,,,,
VWAP,stress,2024,59.90450994710096,461390.68228082045,24083.45443186969,240.82495956088238,1.0,184.88750653129495,183.81695728992148,30.901057616452494,0.0,89031217.85404955,,,,,
POV,stress,2024,35.137253108820765,263934.1040104221,31830.269846713858,240.82495956088232,1.0,184.4495888708174,183.81695728992148,30.855933650908298,0.0,88833761.27577914,,,,,
DQN,stress,2024,231.14416331641422,2089072.5219914888,214.45459107742667,2.878896615166787,0.01285202802284803,111.40571938468752,183.81695728992148,2.751526692403135,2090747.4519321993,1074684.8181111536,,,,,
Regime-Aware DQN,stress,2024,154.47971202838076,1404381.9803030437,11969.501988563174,125.36484987459846,0.5449578493712367,184.70301314861572,183.81695728992148,19.820700264505092,1350515.966529088,47153502.74700376,,,,,
DQN (shuffled regime),stress,2024,220.61919110992707,1988142.3257374112,1242.6580825968913,17.240947627866877,0.07233526279074046,184.35574366441088,183.81695728992148,1.9177013251816846,1986337.464539339,6452693.346954065,,,,,
PPO,stress,2024,71.07084768500769,554667.2688933833,28008.915443612863,239.29063140115355,0.9954341126180293,185.0760154789005,183.81695728992148,40.819769982662415,23071.79281254514,88562008.4654604,,,,,
Regime-Aware PPO,stress,2024,57.0535098978411,438992.44481868966,24848.27229469018,240.82495956088232,1.0,184.8381856478632,183.81695728992148,28.04403295510746,0.0,89008819.61658742,,,,,
PPO (shuffled regime),stress,2024,60.199626671025996,457282.6112846204,25131.123217662687,240.82495956088232,1.0,184.8973141615611,183.81695728992148,31.007158999119504,0.0,89027109.78305337,,,,,
TWAP,high_volatility,2024,34.94594424632014,167164.41517312534,13023.233884686177,215.6894628093848,1.0,167.0082801883115,166.45716100908916,29.21626133184983,0.0,71918978.21832511,,,,,
VWAP,high_volatility,2024,36.23705335825599,183038.88368944987,13198.963155533707,215.6894628093848,1.0,167.0295231326715,166.45716100908916,30.569479022503394,0.0,71934852.68684144,,,,,
POV,high_volatility,2024,27.788548093965055,148161.2026363238,17285.307315875198,215.6894628093848,1.0,166.90225123690374,166.45716100908916,29.085508247016985,0.0,71899975.00578831,,,,,
DQN,high_volatility,2024,39.34169514534723,185220.47980911256,14248.23488331528,215.6894628093849,1.0,167.07821826477237,166.45716100908916,33.35613718662339,0.0,71937034.28296112,,,,,
Regime-Aware DQN,high_volatility,2024,38.39231322511771,170339.39122802,17746.791088476304,215.6894628093848,1.0,167.0607392842855,166.45716100908916,31.63654766781176,0.0,71922153.19437999,,,,,
DQN (shuffled regime),high_volatility,2024,30.031102244825366,152634.32952655345,16663.21543964844,215.59113534180514,0.9995795656896549,166.93029329879724,166.45716100908916,24.500693108139252,1573.2128832918304,71871750.81883107,,,,,
PPO,high_volatility,2024,35.29403627608396,176538.75016212807,14932.934021596626,215.6894628093848,1.0,167.01646374825697,166.45716100908916,29.62803195812561,0.0,71928352.55331412,,,,,
Regime-Aware PPO,high_volatility,2024,43.44857558287426,240374.9648434218,14365.582802001149,210.71523883150266,0.9824930430344978,167.0313924210878,166.45716100908916,30.588035481672087,74132.64000733368,70317093.07446003,,,,,
PPO (shuffled regime),high_volatility,2024,39.955480486416825,213094.54882495402,14719.018604944049,215.6894628093848,1.0,167.09091419511623,166.45716100908916,34.1931578619678,0.0,71964908.35197695,,,,,
TWAP,low_liquidity,42,22.608928420992058,34970.43341009874,995.3857262500709,39.463528908824586,0.998905060620606,143.50747357926966,143.18665651101657,31.549687589663478,360.5435855319766,11333424.448926162,,,,,
VWAP,low_liquidity,42,22.81136001540573,34795.19201304095,1027.4199484163657,39.53057767749588,0.9999953874959673,143.51108596755336,143.18665651101657,31.81061451552274,0.7078042912960437,11352774.863876216,,,,,
POV,low_liquidity,42,23.503556645542766,33176.078175188464,1408.9325668644879,39.5308635786421,1.0,143.52190148294224,143.18665651101657,29.28800219160293,0.0,11351237.731215272,,,,,
DQN,low_liquidity,42,22.398870747710113,36503.831958035735,1071.6307748407492,35.29052992514727,0.9223094377575529,143.4787646959195,143.18665651101657,29.494026580564316,15956.578952759368,10129532.279928256,,,,,
Regime-Aware DQN,low_liquidity,42,43.89377944182157,58660.49214967332,531.1948994080067,17.35294403134018,0.4491761436285864,143.314632507336,143.18665651101657,18.080813654652296,49362.15866778072,4973643.821262958,,,,,
DQN (shuffled regime),low_liquidity,42,21.838502726272186,35806.32279495722,1100.1903060065765,39.34372866294306,0.9971183682720202,143.49691690876793,143.18665651101657,30.690956460740402,1108.6088790153458,11299293.749621429,,,,,
PPO,low_liquidity,42,23.469051900391634,35919.51374029438,1057.660408200927,39.506095387492685,0.9996252874645645,143.52066048498963,143.18665651101657,32.476679549105214,157.30908844888032,11346742.354874806,,,,,
Regime-Aware PPO,low_liquidity,42,19.497332509150972,32291.39690801112,1048.8026940356795,37.991139223396395,0.9663530279142334,143.4663326496664,143.18665651101657,28.658718149249268,4208.398651436525,10901511.125580564,,,,,
PPO (shuffled regime),low_liquidity,42,21.591589143056545,34314.066344973304,1069.8127026002676,39.39721959635353,0.99796168605234,143.493026538471,143.18665651101657,30.52158868878764,791.4182135741961,11313400.84523688,,,,,
TWAP,high_volatility,42,11.926032372815598,191081.1811887587,14010.782388916126,222.93368098252864,0.9983273150222065,139.70612914419945,139.55902417997186,34.77849580540974,3478.7487231393743,62272934.29570837,,,,,
VWAP,high_volatility,42,11.860200088008785,186261.9717947462,14355.248185042894,223.38958864238163,0.9998679225317855,139.7084692282086,139.55902417997186,34.98049578310048,47.38635385776642,62398089.65060357,,,,,
POV,high_volatility,42,25.031961649197694,230497.51483694575,18543.644413133658,223.4194645659981,1.0,139.89926401044812,139.55902417997186,31.37631212251268,0.0,62451078.58824553,,,,,
DQN,high_volatility,42,17.214469270628097,207618.623379624,18633.797673579917,222.93881160306856,0.9984993785330746,139.78733853941466,139.55902417997186,40.707621716552865,3435.057855881555,62293619.67324986,,,,,
Regime-Aware DQN,high_volatility,42,7.357915591855013,179946.29941816718,16141.686147096229,215.7322330809193,0.9672342997373496,139.6129535012776,139.55902417997186,28.024693444583598,16625.673930374145,60211954.303154156,,,,,
DQN (shuffled regime),high_volatility,42,116.9330273109337,775135.9052523526,3584.0714457944755,73.80791877555899,0.3328430030049257,139.5486025845297,139.55902417997186,23.61401546218477,758735.1168694105,20581267.304381087,,,,,
PPO,high_volatility,42,12.442636094231997,209027.91723218787,14135.484142937445,214.6354961494451,0.9712367498570773,139.69002340561093,139.55902417997186,33.58574965834078,63712.528377503666,59948409.819057725,,,,,
Regime-Aware PPO,high_volatility,42,9.591251220935511,194561.4407738899,13801.004730601571,220.6011671843061,0.9913999709053123,139.66800226898454,139.55902417997186,31.758393731253715,33047.11788702263,61598301.94414334,,,,,
PPO (shuffled regime),high_volatility,42,12.078564548390853,191517.0562252536,14201.902647795938,223.26969541808194,0.9995480030187149,139.7113127068018,139.55902417997186,35.1417100434247,2027.8815228084234,62368043.50298862,,,,,
TWAP,normal,42,20.61730852046137,130506.87321929885,3981.929887897222,157.86439063529835,0.9989489348236085,143.47890565472105,143.18665651101657,29.555726927406436,1392.7582160550958,45327308.868473664,,,,,
VWAP,normal,42,20.820690920406,129780.64012474267,4109.679793665463,158.1223107099835,0.9999953874959673,143.48252783900764,143.18665651101657,29.81750108022277,2.787323956918374,45401699.37147065,,,,,
POV,normal,42,21.43507158044813,122518.0667489487,5635.730267457951,158.1234543145684,1.0,143.49220849087789,143.18665651101657,27.21544474781711,0.0,45394764.67890928,,,,,
DQN,normal,42,21.871674739704172,126007.45539458713,6152.267238904433,158.05437191443315,0.9995231168436515,143.49796311807293,143.18665651101657,30.67885065969319,264.8745269355174,45378169.29621692,,,,,
Regime-Aware DQN,normal,42,23.9556726583016,133612.9666924792,5935.048924276825,158.1234543145684,1.0,143.52836310716023,143.18665651101657,32.85754296054343,0.0,45405859.57885282,,,,,
DQN (shuffled regime),normal,42,19.085728818389786,118439.5171600912,5171.405345439683,157.23981281446686,0.994061596450393,143.449928541506,143.18665651101657,27.490578980130245,3303.376172267185,45133921.18807357,,,,,
PPO,normal,42,20.35427001326249,132646.48986539355,4255.688289114414,156.0679315205968,0.9919154620724864,143.47728783451683,143.18665651101657,29.407607717697267,8442.828508847011,44810779.28819766,,,,,
Regime-Aware PPO,normal,42,20.40486523939091,129076.45241454613,4750.635570918895,152.74948753807607,0.9790058922095579,143.47427889460403,143.18665651101657,29.15395174083282,24682.11334557325,43844531.96427123,,,,,
PPO (shuffled regime),normal,42,24.30039781096228,150297.1751219179,3975.0680955061266,149.93123282818362,0.9650670339837266,143.5205579186372,143.18665651101657,32.24501286733803,41361.02650940258,43042060.65385867,,,,,
TWAP,normal,2024,21.816316066127992,58097.391612757834,2522.6011449622915,146.43704434967643,1.0,149.72012711730198,149.39855578165051,27.137263644453764,0.0,43829216.589429334,,,,,
VWAP,normal,2024,22.163996713446274,61150.806534609605,2622.2250506851456,146.43704434967646,1.0,149.72535858749228,149.39855578165051,27.495364495485063,0.0,43832270.00435119,,,,,
POV,normal,2024,19.92601947136118,58931.32126704532,3564.2237259076865,146.43704434967643,1.0,149.6936669571928,149.39855578165051,26.28609875681432,0.0,43830050.51908362,,,,,
DQN,normal,2024,21.138890238072587,71186.75804624466,3363.6305733277977,125.56653085850607,0.8603966084147817,149.64381537091938,149.39855578165051,22.05033026304593,35700.86782722551,37578396.76116652,,,,,
Regime-Aware DQN,normal,2024,23.09565775951911,85772.01299515231,3108.777371890802,126.87368158607963,0.8816400430056502,149.64026645730488,149.39855578165051,21.795767563011648,44105.61033420701,37966947.40340565,,,,,
DQN (shuffled regime),normal,2024,30.282150171979293,145720.0988900264,1958.0322448251347,94.62702398250785,0.6873025287549532,149.57497095376706,149.39855578165051,17.185836478438034,111093.81201450227,28329370.89252221,,,,,
PPO,normal,2024,18.26354243701749,46674.890538884254,3025.2421046819077,145.25088801434134,0.993929530579471,149.65604682817633,149.39855578165051,22.879175997313553,4023.0931033365646,43456148.98863813,,,,,
Regime-Aware PPO,normal,2024,25.252913811373418,93085.12528633467,3211.269443384459,142.55084877011473,0.9842587619246158,149.63349909704814,149.39855578165051,21.194525149844758,36221.10769916089,42652077.805225536,,,,,
PPO (shuffled regime),normal,2024,23.495741627128293,83259.18025327487,3311.181461293004,143.14159348770437,0.9864970886014065,149.6370806402848,149.39855578165051,21.620037818759474,29942.291033068333,42828238.45971582,,,,,
TWAP,low_liquidity,777,42.49531458059543,52349.96668484856,962.2389482460618,39.37313667507654,1.0,161.26246843947845,160.58619359942423,30.084878068371655,0.0,12683252.74459984,,,,,
VWAP,low_liquidity,777,42.70713768138334,52713.46112572382,972.6944920592401,39.37313667507656,1.0,161.26571375524458,160.58619359942423,30.29605802059657,0.0,12683616.239040716,,,,,
POV,low_liquidity,777,37.178149025926224,46034.95923759438,1244.905170386128,39.37313667507655,1.0,161.18153281368936,160.58619359942423,28.804540814624254,0.0,12676937.737152588,,,,,
DQN,low_liquidity,777,37.543810354748544,45848.613045463644,1184.4859681583498,33.848930104038814,0.880228081032002,161.1362420478704,160.58619359942423,21.869979802461305,7732.266480214035,10900042.91735077,,,,,
Regime-Aware DQN,low_liquidity,777,37.96245219614325,47751.235224305536,1219.2494814410034,39.035989398049544,0.9912109890896108,161.18946653399465,160.58619359942423,25.292777323623838,643.8084077148318,12569856.813489344,,,,,
DQN (shuffled regime),low_liquidity,777,40.74445689089499,50004.50039190329,1330.4499577965014,39.37313667507655,1.0,161.2358284798471,160.58619359942423,27.904434790902975,0.0,12680907.278306898,,,,,
PPO,low_liquidity,777,42.109285695073325,51823.819869520856,1103.803914033673,39.306332332941366,0.9984752463502857,161.2562933370263,160.58619359942423,29.649953467571596,190.34952929356467,12661645.37567794,,,,,
Regime-Aware PPO,low_liquidity,777,35.76873022382065,44336.300213168455,1107.858930248939,39.30489890662776,0.9980276908556244,161.15698828469635,160.58619359942423,23.4460156440002,25.10525341844383,12653231.135109313,,,,,
PPO (shuffled regime),low_liquidity,777,41.757371736168004,51151.93848263423,1038.687002392032,39.373136675076545,0.9999999999999998,161.25008243627042,160.58619359942423,29.223716908837577,0.0,12682054.716397624,,,,,
TWAP,high_volatility,777,46.57976979000951,308554.7427184357,14202.875753260136,221.48749713124954,1.0,166.50714251693702,165.7624698233184,30.659171172772766,0.0,73628615.04608701,,,,,
VWAP,high_volatility,777,47.65420102243322,318656.9807429328,14407.88941426809,221.4873747553841,0.9999994751438528,166.5250515570472,165.7624698233184,31.74276911585925,0.4309817358587732,73638676.69580242,,,,,
POV,high_volatility,777,52.96018151042044,365000.36650174117,18053.55378507752,221.48749713124957,1.0,166.62519011327683,165.7624698233184,29.584497540098255,0.0,73685060.66987033,,,,,
DQN,high_volatility,777,135.3213109873265,976390.7854107562,1653.1426919406144,27.92443219260847,0.12642868879399258,166.17323194679227,165.7624698233184,10.573580209839498,969954.789439542,9303865.11778509,,,,,
Regime-Aware DQN,high_volatility,777,45.19693660247344,304253.3689063989,17812.631250277875,218.08163256278326,0.9853635826049597,166.44435263018417,165.7624698233184,26.806770336695553,23117.540170050157,72474779.17595455,,,,,
DQN (shuffled regime),high_volatility,777,47.225177119418944,316437.0320812054,18080.736944064025,216.07765420953424,0.974488160601115,166.44457539365942,165.7624698233184,26.867845033063332,34387.93636240671,71821433.12860468,,,,,
PPO,high_volatility,777,44.771166951316,293817.48737403436,15451.117071633536,221.48749713124948,0.9999999999999998,166.47347082425512,165.7624698233184,28.484809613213958,0.0,73613877.79074258,,,,,
Regime-Aware PPO,high_volatility,777,50.37518551027054,339545.7858164606,15880.394063757229,220.17773950418945,0.9945102770298144,166.56036999988842,165.7624698233184,33.59978621862532,5872.932857945763,73230288.93569385,,,,,
PPO (shuffled regime),high_volatility,777,47.49599420286002,310200.74702563084,14995.314137523605,221.48749713124954,1.0,166.5206398042837,165.7624698233184,31.487504805856805,0.0,73630261.0503942,,,,,
TWAP,regime_transition,2024,61.6154008117589,396657.99469080253,19690.860092406376,241.33244853544124,0.9999068583653387,154.26024362172384,153.33607813033007,30.43891448612542,100.61753465367433,74431113.5346401,,,,,
VWAP,regime_transition,2024,62.30879215073943,404965.6844226029,20140.350799571166,241.36383096115827,1.0,154.27184671964915,153.33607813033007,31.157344570700538,0.0,74450175.99547285,,,,,
POV,regime_transition,2024,38.680138839702316,247270.06634718887,26559.17597708418,241.36383096115833,1.0,153.92207762864263,153.33607813033007,31.627162674373277,0.0,74292480.37739745,,,,,
DQN,regime_transition,2024,49.44496692218203,324388.8548172085,26850.260943716963,241.36383096115833,1.0,154.0776914748743,153.33607813033007,19.241519062105077,0.0,74369599.16586748,,,,,
Regime-Aware DQN,regime_transition,2024,64.10766388565783,405759.56238170835,24835.03673572806,238.11654293540118,0.9888684575652558,154.29326031340176,153.33607813033007,32.38049101282988,8517.243432389909,73342318.03942911,,,,,
DQN (shuffled regime),regime_transition,2024,57.73901512133303,371888.477201083,23273.205289685702,241.36383096115827,0.9999999999999998,154.20215616160056,153.33607813033007,26.565020044855437,0.0,74417098.78825133,,,,,
PPO,regime_transition,2024,62.050449245115104,397849.8941057554,19686.528046691503,241.2055742298513,0.9995303011060079,154.26537258527887,153.33607813033007,30.837797343680883,496.036213866843,74388836.91619733,,,,,
Regime-Aware PPO,regime_transition,2024,62.88670674967045,402779.3131907137,19724.94359737873,239.8869208094257,0.9943370576316448,154.27349252139803,153.33607813033007,31.390805563041148,1654.3476217447449,74029670.19682637,,,,,
PPO (shuffled regime),regime_transition,2024,61.080739242131564,392738.4395394232,19978.518205983935,241.3192867428325,0.9998614063701569,154.25213924861015,153.33607813033007,29.884253274749057,182.80312516587944,74422769.34337984,,,,,
TWAP,stress,123,3.7926632695548674,16642.81423253995,15994.634124781567,230.14728591070556,0.9977051093579842,152.62725948836663,152.58516487931323,33.25919965513093,418.4828880626995,69867879.98145148,,,,,
VWAP,stress,123,2.415054981389688,6680.168081155501,16177.442782700422,230.66413045024592,0.9994136147110402,152.60675662354464,152.58516487931323,31.86030172535128,109.88109805800352,70003311.62049037,,,,,
POV,stress,123,11.941704765159368,82701.57875402369,22383.53342021317,230.4452214449364,0.9986899789196354,152.76109631048232,152.58516487931323,32.113033295891434,242.14720044141822,70017749.864049,,,,,
DQN,stress,123,104.0508335423023,714229.5093084985,3459.9121379325347,55.2295458038036,0.24900016442580442,152.36948007780532,152.58516487931323,15.807886349515638,729451.4409138954,16981098.09250745,,,,,
Regime-Aware DQN,stress,123,120.59283450320063,822645.7136037155,1147.7799659540663,22.180210995102822,0.09797693391500668,152.47545678346737,152.58516487931323,22.858204475276693,826414.7408959259,6800480.852814493,,,,,
DQN (shuffled regime),stress,123,109.86845950571735,751811.3389843989,1967.0019797846821,43.00860346511252,0.18959442694352768,152.39189992934865,152.58516487931323,16.85677831831202,761338.6995747553,13125273.30263252,,,,,
PPO,stress,123,4.464917060466718,33416.023707949964,18025.7342139471,230.8415194377159,1.0,152.64037861128114,152.58516487931323,33.21893142114632,0.0,70079952.9930512,,,,,
Regime-Aware PPO,stress,123,-1.028961380476133,-16041.832145552082,17099.683796490714,227.14537363742028,0.984980111928229,152.5562062660507,152.58516487931323,28.675254161538295,3038.438423361674,68977870.95879325,,,,,
PPO (shuffled regime),stress,123,3.0416069005020785,13525.105048754285,16634.357508015775,230.74663559333675,0.9996863475501077,152.61450540512294,152.58516487931323,32.395169572189246,59.20794323700388,70033367.6089347,,,,,
TWAP,normal,123,20.044083783890194,89637.68734697583,3183.003133051102,152.92513387664596,1.0,151.10168462706412,150.80093426404522,29.785232372818808,0.0,46145400.82634752,,,,,
VWAP,normal,123,19.358563437894325,86471.89333355497,3234.5655724782696,152.92513387664593,1.0,151.09144850336546,150.80093426404522,29.099573588995703,0.0,46142235.03233409,,,,,
POV,normal,123,22.12927049321843,98877.32425971185,4237.167906387736,152.92513387664593,1.0,151.13425161542722,150.80093426404522,27.85052886035853,0.0,46154640.463260256,,,,,
DQN,normal,123,11.511905398430057,53793.85186919508,3584.9751854723713,117.0394935030686,0.7898903128202325,150.89842499048353,150.80093426404522,16.26365981446347,39019.58093513407,35293351.65317,,,,,
Regime-Aware DQN,normal,123,27.268590484649764,123699.39583813192,1948.4840830137073,83.5470883707909,0.5691987429606609,150.85760333610185,150.80093426404522,13.596222329053637,100159.55627614327,25211510.06121067,,,,,
DQN (shuffled regime),normal,123,19.55510887405339,89259.03121063809,1713.2042454759235,66.59395010156777,0.4487314483111032,150.7778597254955,150.80093426404522,8.279048688399374,97640.2985186542,20064779.523764025,,,,,
PPO,normal,123,18.335102567466496,81301.32408354073,3249.2483867502165,148.85147081493497,0.9757688310343164,151.0819950047175,150.80093426404522,28.480603845427726,1866.7843729529093,44910298.25756048,,,,,
Regime-Aware PPO,normal,123,18.734703935334654,89272.11845815337,3373.095809491595,139.88784780025156,0.9249183625530764,151.0190280907512,150.80093426404522,24.230381219367295,24660.539826133583,42175296.32784536,,,,,
PPO (shuffled regime),normal,123,20.548622724392168,92498.61867860547,3525.9971135208298,152.925133876646,1.0,151.10936922011248,150.80093426404522,30.112195212404238,0.0,46148261.75767915,,,,,
TWAP,stress,777,62.76951802101221,530667.0225430259,25716.56112075949,245.2540292336539,0.9999616592790197,192.71526782499757,191.54847036654502,32.38409036563344,105.3895066649928,94443674.94273971,,,,,
VWAP,stress,777,63.49365816435268,538188.1421102548,26006.384608469365,245.2185525260917,0.9998352908666066,192.72702577682327,191.54847036654502,33.06728761085984,451.58793068464865,94437175.43577679,,,,,
POV,stress,777,67.6485610537508,598570.7088312281,34094.18269906381,245.26479301963468,1.0,192.8314847233309,191.54847036654502,31.090768966021965,0.0,94515832.89895947,,,,,
DQN,stress,777,198.6663417762365,1869191.2268979885,1082.6414258235186,14.438459902392657,0.058739160986925956,182.74609279813663,191.54847036654502,6.0773843508714185,1846596.5994753297,5597729.42796379,,,,,
Regime-Aware DQN,stress,777,194.15842372981808,1821145.745556571,1524.946656667354,21.04170043284976,0.08558801089155563,174.0753014835144,191.54847036654502,21.79804208999147,1803745.34780372,8141092.058753571,,,,,
DQN (shuffled regime),stress,777,186.942003153528,1755438.6228903658,2426.4983253397627,28.351014650786748,0.1168174454780579,192.43586235427418,191.54847036654502,17.048351743917664,1731190.1276099053,10936496.676717045,,,,,
PPO,stress,777,68.62490585962493,575353.9022762973,28201.041528361675,245.26479301963462,0.9999999999999998,192.81569329235325,191.54847036654502,38.15021276711902,0.0,94492616.09240451,,,,,
Regime-Aware PPO,stress,777,78.49805700407647,677545.8906374027,25380.769787866233,206.01662739794696,0.8489282658376975,183.71131942468952,191.54847036654502,29.027095380558514,260607.03786110948,79733817.23249868,,,,,
PPO (shuffled regime),stress,777,64.30571876775619,537106.4268700707,28444.728336272714,245.13585136406178,0.9995407084414444,192.7321949474638,191.54847036654502,32.85680507070741,1255.0728195847787,94403413.23318094,,,,,
TWAP,high_volatility,123,17.011868142365753,83035.98625995069,10774.813288216508,203.2081048175567,0.9991964401374185,153.14755911054266,152.89567204071014,30.958891606852358,126.39699132277511,62043658.800154045,,,,,
VWAP,high_volatility,123,15.903579021420859,75908.6080274499,10932.98369103957,203.38053855711144,0.9998261277832142,153.13041884480543,152.89567204071014,29.828304045116788,63.82212428858395,62087981.2254294,,,,,
POV,high_volatility,123,17.262304374839633,96927.88342501954,15396.773192002325,203.41238639679224,1.0,153.1559290046743,152.89567204071014,30.542912267035767,0.0,62118246.28123107,,,,,
DQN,high_volatility,123,17.19875657600541,98870.01812053398,14335.027995752473,191.01482345362666,0.9483488482078977,153.08839408144718,152.89567204071014,27.019479523011988,38879.29607174309,58375470.79974425,,,,,
Regime-Aware DQN,high_volatility,123,46.857444627117495,306902.33769623685,4500.631616691611,103.08576409405164,0.5445759874737,152.9183111632193,152.89567204071014,16.468598775559332,303722.30537171115,31687938.40787857,,,,,
DQN (shuffled regime),high_volatility,123,84.80842133649958,509676.36917495355,827.9353371330117,22.008331802148007,0.11164677787654824,137.79231647240567,152.89567204071014,7.365589633956722,509185.57930872357,6754223.246574448,,,,,
PPO,high_volatility,123,9.297395626532454,35645.84027978294,11012.905827846309,197.50931303933746,0.9766519185432762,153.01921188417793,152.89567204071014,22.47514936358556,5854.6078522784055,60306944.89254264,,,,,
Regime-Aware PPO,high_volatility,123,14.250147211870683,72061.082313613,12743.20859109648,200.84145540528465,0.9907758886913072,153.06889051097664,152.89567204071014,25.598891596253917,15816.093056517511,61304923.170439675,,,,,
PPO (shuffled regime),high_volatility,123,14.853449379989806,77166.59761843852,11426.728024822025,203.41238639679227,0.9999999999999998,153.11574044809979,152.89567204071014,28.764224344781194,0.0,62098484.99542449,,,,,
TWAP,regime_transition,123,11.08506231679377,62410.80198983177,14649.487423498038,230.0095689785183,0.9974354934205738,139.81910269339153,139.68412941199568,33.464365753862836,601.369265929342,63963852.55518597,,,,,
VWAP,regime_transition,123,9.586441806258708,52548.471737471686,14812.955606820178,230.6407562789706,0.9995517860406572,139.7989544095543,139.68412941199568,31.98195491211814,108.44780111807158,64116982.26503519,,,,,
POV,regime_transition,123,19.77859522398241,126725.96823513012,20473.507258591308,230.49511087674813,0.9990634550972881,139.9502422540637,139.68412941199568,32.47766736829171,224.3665173126827,64153547.44598217,,,,,
DQN,regime_transition,123,11.707949140130925,58546.85732094983,14070.435888455317,195.1177341019125,0.8504845298400273,139.59737207451448,139.68412941199568,17.834656757427126,111121.4485871828,54091947.60011059,,,,,
Regime-Aware DQN,regime_transition,123,18.91125750216484,143504.35592314095,17877.784366915723,194.99964174650253,0.8707043323229154,139.52167806341367,139.68412941199568,11.951004552585745,138980.91278099525,54440466.09680744,,,,,
DQN (shuffled regime),regime_transition,123,12.259409449593983,72547.07998773034,16498.0667214752,217.13948658211808,0.9431931365013693,139.69217890364047,139.68412941199568,24.00231060242407,68271.95768591922,60323128.43653326,,,,,
PPO,regime_transition,123,9.213675158270778,55818.45550120438,15203.311254648816,230.5910542366317,0.9993851412660719,139.79202343351417,139.68412941199568,31.63510670722591,148.20427542048657,64107416.70560849,,,,,
Regime-Aware PPO,regime_transition,123,11.389305465963147,61815.00513670994,13151.786757403059,208.02435463610715,0.9115695033909217,139.61240171871023,139.68412941199568,18.93591483643502,98178.41689562463,57899688.22600945,,,,,
PPO (shuffled regime),regime_transition,123,8.387640867308681,46207.49803905534,15124.854951014093,227.3486476174528,0.9873711104788476,139.7771518026932,139.68412941199568,30.69888220412647,3609.8572844537675,63245028.4822865,,,,,
TWAP,regime_transition,42,-0.021272157288296612,91783.52186481109,18850.451020315304,242.92494206942206,0.9996646188362541,138.16334671072718,138.18948449295155,34.79228418995435,343.2621955914287,67096135.57067575,,,,,
VWAP,regime_transition,42,-1.0144224711379664,83286.91275921273,19081.098191569432,243.01592028052596,0.9999999999999998,138.15016899518494,138.18948449295155,33.875684566845415,0.0,67112902.38148528,,,,,
POV,regime_transition,42,21.11133886728277,199338.41958901423,25070.030537440558,243.01592028052602,1.0,138.47077383088353,138.18948449295155,32.687368090255454,0.0,67228953.8883151,,,,,
DQN,regime_transition,42,4.737373297802408,112851.2329849047,23386.93372919081,243.01592028052596,1.0,138.23472662623118,138.18948449295155,40.18212778490854,0.0,67142466.70171098,,,,,
Regime-Aware DQN,regime_transition,42,9.642829456545229,202543.2780763142,21118.963095905205,198.8209023290693,0.8415221290036247,137.88350246639428,138.18948449295155,14.294832204929858,311170.00887757796,54876883.99400137,,,,,
DQN (shuffled regime),regime_transition,42,-14.18027306098151,42535.920286408254,26191.692041958962,225.51059331249425,0.9435649644189954,137.88029747950407,138.18948449295155,14.733554775537296,140988.3382288284,62184380.84856615,,,,,
PPO,regime_transition,42,-0.07065493685759279,91416.25899765345,18853.65477956868,242.99964903982445,0.9999400178616851,138.16328750051426,138.18948449295155,34.7879431389846,61.77779390754837,67116513.0378884,,,,,
Regime-Aware PPO,regime_transition,42,-0.7497394532261431,88579.51189677496,19350.930349406008,242.87592378876715,0.9994839183387242,138.15361243352737,138.18948449295155,33.72459091615937,526.8244492928688,67079321.23098699,,,,,
PPO (shuffled regime),regime_transition,42,-3.391571394183228,77394.15395665527,19272.56130643085,242.41524513481795,0.9978005240129104,138.10845034224212,138.18948449295155,30.797241784531245,5127.638084126664,66937922.70403926,,,,,
TWAP,regime_transition,777,60.87973943963955,467430.93953348696,23302.617997247737,244.82951057424867,1.0,174.9946802241814,173.97052293518243,32.86094015930528,0.0,85610575.7526393,,,,,
VWAP,regime_transition,777,61.4862982147288,473452.02401174,23578.241029000434,244.82951057424867,1.0,175.00434823249768,173.97052293518243,33.48002380182632,0.0,85616596.83711754,,,,,
POV,regime_transition,777,66.19510394757909,532812.9576159169,31015.275417344023,244.82951057424867,1.0,175.10712833414297,173.97052293518243,31.527810954556344,0.0,85675957.77072172,,,,,
DQN,regime_transition,777,70.24667835919303,543020.3911848724,28256.069645984197,244.78693470751915,0.9998489251805571,175.1591331190428,173.97052293518243,41.67881617782213,363.4428447583572,85670870.29565015,,,,,
Regime-Aware DQN,regime_transition,777,81.84912537234699,649553.8448097141,24107.262544781646,201.2795347695057,0.8274249988947593,174.68579291551507,173.97052293518243,15.306642789485844,362182.25396523305,70395200.80289038,,,,,
DQN (shuffled regime),regime_transition,777,80.30409607789751,637064.4908155001,24558.278737626264,203.48378339006572,0.8322699611424407,174.77760991341313,173.97052293518243,20.643432415166508,302099.26167749777,70990084.13631865,,,,,
PPO,regime_transition,777,70.92346212288905,553879.3233483762,23008.619004099535,230.57320360171343,0.9437559918012932,174.98897506530315,173.97052293518243,32.932454340295216,112780.86070513216,80675476.80114384,,,,,
Regime-Aware PPO,regime_transition,777,65.46020313470055,517767.57516425115,26390.22106587761,244.82703753400523,0.9999897982255256,175.08334350716572,173.97052293518243,37.520908182929034,21.85838558486683,85659999.79999067,,,,,
PPO (shuffled regime),regime_transition,777,65.3018248804148,510589.45950109215,27032.246366762585,244.82951057424876,1.0,175.07464128459358,173.97052293518243,37.13362331527031,0.0,85653734.2726069,,,,,
