scenario,seed,strategy,window,implementation_shortfall_bps,implementation_shortfall,total_execution_cost,total_impact_cost,total_transaction_fees,terminal_penalty,fill_rate,vwap_slippage_bps,average_execution_price,arrival_price,vwap_market_price,executed_inventory,remaining_inventory,window_start
aapl_real,0,TWAP,0,5.941273588591096,1212.5069064222876,1215.5399314222875,159.66656093586332,3.033025,75.20278346447141,0.9373335275150164,17.027212128532916,315.53748677029665,315.35,315.0011276681434,6066.05,405.5525000000011,60
aapl_real,0,TWAP,1,5.917528188758372,728.9055244636264,730.8571582136265,94.93262618921116,1.9516337500000005,0.0,1.0,16.18361397834346,315.7617423958167,315.575,315.25155145433564,3903.267500000001,0.0,90
aapl_real,0,TWAP,2,12.59131829096841,1369.7201085831853,1371.3400085831852,57.19470771086379,1.6199000000000001,36.409090821573876,0.9378878706098023,14.937299315241598,315.3265411499974,314.915,314.85623097366516,3239.8,214.55750000000006,120
aapl_real,0,TWAP,3,-1.4483591159262206,-115.9453280560762,-114.7058030560762,31.732605206356894,1.239525,5.92144870428755,0.9744281639042376,9.952700397237225,314.61084133972275,314.66,314.2980299269922,2479.05,65.05750000000008,150
aapl_real,0,TWAP,4,-20.460801882064523,-1588.1609586715558,-1586.9270199215557,42.53718020625858,1.23393875,0.0,1.0,2.6285552448551037,313.87646685920527,314.52,313.7939843768615,2467.8775,0.0,180
aapl_real,0,TWAP,5,18.954738016138524,2849.3628313135705,2851.3053313135706,61.58503435294925,1.9425000000000001,285.5876080243638,0.810728748107517,17.9108690298267,314.35991640239104,313.7,313.7978771344717,3885.0,906.9849999999999,210
aapl_real,0,TWAP,6,38.05784843601957,5364.117852460564,5366.195502460564,79.72498118385208,2.0776499999999998,498.2453152951039,0.9248319481330259,17.724525062301176,314.8710039075795,313.7,314.3138974522972,4155.3,337.73249999999956,240
aapl_real,0,TWAP,7,21.033895153874617,1537.8391823323707,1538.9994760823706,27.33054817670013,1.1602937500000001,0.0,1.0,8.684802702939376,315.72269390071796,315.06,315.44873289990517,2320.5875,0.0,270
aapl_real,0,TWAP,8,2.136816500190948,182.92177409890482,184.27733159890482,40.02237553794414,1.3555574999999997,0.0,1.0,12.613877212839695,315.82247104940177,315.755,315.42459833407224,2711.115,0.0,300
aapl_real,0,TWAP,9,22.12069415032612,1814.2833235061257,1815.5832485061258,21.042048360948755,1.2999250000000002,0.0,1.0,11.663203415092804,316.1678415383604,315.47,315.79951813651894,2599.8500000000004,0.0,330
aapl_real,0,TWAP,10,24.69991417494016,1905.5522159390357,1906.7734359390356,23.37925996411337,1.22122,0.0,1.0,-1.9323235936578702,316.64518383908677,315.865,316.70638176046054,2442.44,0.0,360
aapl_real,0,TWAP,11,84.87148951888214,17623.072259637174,17626.350507137173,243.85318344626072,3.2782475,0.0,1.0,-1.1515386389858668,319.387880073063,316.7,319.42466305723855,6556.495,0.0,390
aapl_real,0,TWAP,12,26.571513730736864,10811.397102131463,10817.692910881462,741.0064196186836,6.29580875,0.0,1.0,9.534382845185847,323.99361860893816,323.135,323.68500493311035,12591.6175,0.0,420
aapl_real,0,TWAP,13,11.77120991455812,5308.33210051003,5314.99022551003,595.561171951795,6.658125,281.9640594615801,0.9595955592515354,12.54875046037869,325.34746122527355,324.97,324.9397025011379,13316.25,560.6899999999994,450
aapl_real,0,TWAP,14,15.30126324139426,5597.1937016476895,5602.83892914769,440.91840165178587,5.6452275,0.0,1.0,16.00283598500141,324.485745627758,323.99,323.9673060614176,11290.455,0.0,480
aapl_real,0,TWAP,15,41.73029578931864,11393.854468438309,11397.98614343831,289.92932116287034,4.131675,256.73494639351406,0.9826658334438286,8.437325590720427,326.03777293979374,324.69,325.76291616089054,8263.35,145.7649999999985,510
aapl_real,0,TWAP,16,9.860804983873138,2261.4588631083907,2264.9723318583906,255.50604073988265,3.5134687500000004,0.0,1.0,14.141656530077276,326.6918270922587,326.37,326.2304831480266,7026.9375,0.0,540
aapl_real,0,TWAP,17,-6.270655825710666,-1231.2114063195854,-1228.2056975695855,211.66255110419814,3.00570875,0.0,1.0,9.231555443081769,326.41518783942064,326.62,326.11413376875475,6011.4175,0.0,570
aapl_real,0,TWAP,18,-2.7570388227783957,-471.02739814272843,-468.42002314272844,118.72134067743725,2.607375,30.914485639301564,0.9941714737273067,14.241371533791444,325.61374574355773,325.71,325.15068657036613,5214.75,30.57249999999931,600
aapl_real,0,TWAP,19,22.205937902794354,3235.0851937674347,3237.3286850174345,104.0663816258987,2.2434912499999995,0.0,0.9999999999999998,19.671073498609765,325.40599349479686,324.685,324.76714166343737,4486.982499999999,0.0,630
aapl_real,0,TWAP,20,1.8618710405115722,185.23757409929468,186.76668409929468,59.70586966821831,1.5291100000000002,0.0,1.0,8.637250602384052,325.38057038868993,325.32,325.0997735671821,3058.2200000000003,0.0,660
aapl_real,0,TWAP,21,29.80240956257093,3252.0702675838047,3253.6868675838045,93.95977543336029,1.6166,114.72739993213371,0.9621581005025498,17.108978264724957,325.7003522416343,324.73,325.14406396929877,3233.2,127.16249999999962,690
aapl_real,0,TWAP,22,6.923732092608969,745.6990147798361,747.3525072798361,64.49184863837411,1.6534925,0.0,1.0,10.11657714930723,325.9054921067921,325.68,325.57612051267824,3306.985,0.0,720
aapl_real,0,TWAP,23,0.3696085870915105,36.86686936331089,38.39915561331089,32.65863826632156,1.5322862500000003,0.0,1.0,11.841477454026515,325.4920300202927,325.48,325.1070552338231,3064.5725,0.0,750
aapl_real,0,TWAP,24,-55.52044071911268,-17732.207139745762,-17727.329148495763,712.7578221155886,4.87799125,0.0,1.0,6.355775787424823,325.5524273321784,327.37,325.34564493491627,9755.9825,0.0,780
aapl_real,0,TWAP,25,-3.3746204401359643,-1447.185011530256,-1441.450111530256,540.353702808482,5.7349,169.12883585819617,0.8688663180030421,16.271335211260556,324.7190809039924,324.86,324.19157792029154,11469.8,1731.0800000000017,810
aapl_real,0,TWAP,26,32.79594353809396,9169.218177148281,9173.037127148282,258.419766005662,3.81895,652.4336997351159,0.8854163194982807,21.172084779434787,325.22006886413976,324.105,324.5329649194402,7637.9,988.4374999999977,840
aapl_real,0,TWAP,27,33.935383608057435,5528.964389401849,5531.473571901849,143.33446460232878,2.5091825,0.0,1.0,20.768825470036763,325.76174616421923,324.66,325.08657952094705,5018.365,0.0,870
aapl_real,0,TWAP,28,-31.76030342214274,-3131.3372980251584,-3129.8282630251583,67.82887562536374,1.5090350000000001,0.0,1.0,1.2849873246764347,325.63747028795717,326.675,325.5956316619916,3018.07,0.0,900
aapl_real,0,TWAP,29,12.34217578296219,2055.9327533851024,2058.4320783851026,162.6978051468752,2.4993250000000002,75.16936200860576,0.9762769000305657,13.61991220631613,325.7362596683858,325.34,325.29321316792004,4998.65,121.4649999999994,930
aapl_real,0,TWAP,30,35.50614635251402,6766.268766822005,6768.725166822005,134.39944144241608,2.4564,1210.0142650174287,0.8378895682083604,18.856320149788953,326.14597510621326,325.015,325.5321412787135,4912.8,950.502500000001,960
aapl_real,0,TWAP,31,-0.8823784914053071,-98.51937609303104,-96.88407609303104,52.01848211718216,1.6353,155.35542138509956,0.9555600029800989,7.199030235985718,326.13237669006355,326.21,325.8977619058835,3270.6,152.10500000000047,990
aapl_real,0,TWAP,32,21.496956080100322,2667.3476338713094,2669.2506088713094,69.16627795590183,1.902975,8.819645577063735,0.9973421765850801,14.2578843870619,325.8485188949656,325.15,325.3845893093951,3805.95,10.142500000000354,1020
aapl_real,0,TWAP,33,20.31283127942683,2437.4479283617793,2439.2894796117794,47.227888887365246,1.84155125,0.0,1.0,10.097288457052297,326.4617920430838,325.8,326.1324866637778,3683.1025,0.0,1050
aapl_real,0,TWAP,34,-17.54864320521249,-1826.272155554499,-1824.678008054499,50.29483681831349,1.5941475,0.0,1.0,7.843665145057226,325.8371947371387,326.41,325.581819260379,3188.295,0.0,1080
aapl_real,0,TWAP,35,31.37989013179309,3469.124826506927,3470.827310256927,48.90515566294248,1.70248375,0.0,1.0,10.63229089210498,325.6988422727991,324.68,325.35291758656155,3404.9675,0.0,1110
aapl_real,0,TWAP,36,-1.137138535335757,-132.174817289056,-130.389806039056,45.804204291772,1.7850112500000004,0.0,1.0,12.424286291588906,325.54797647499726,325.585,325.1440082505473,3570.0225000000005,0.0,1140
aapl_real,0,TWAP,37,52.31921779162806,9508.76463725906,9511.56390350906,374.85699269741303,2.79926625,0.0,1.0,12.414555477184471,326.32843876716964,324.63,325.9238188341444,5598.5325,0.0,1170
aapl_real,0,TWAP,38,74.75436682550277,18196.617119757277,18200.349048507276,295.2803402336613,3.7319287499999994,0.0,0.9999999999999999,3.6691282655481516,328.5679641652801,326.13,328.4474525820785,7463.857499999999,0.0,1200
aapl_real,0,TWAP,39,-31.377978877600196,-7642.513656209219,-7638.998331209219,267.3146640429799,3.515325,756.6172605167595,0.9534820406290908,1.5149477935044138,329.1203549932473,330.315,329.07050253007577,7030.65,343.00749999999954,1230
aapl_real,0,TWAP,40,42.968948311317675,9246.654824796507,9249.925248546508,265.5589949407004,3.2704237500000004,0.0,1.0,17.027644894882382,330.41367839944235,329.0,329.85201809624203,6540.847500000001,0.0,1260
aapl_real,0,TWAP,41,10.38009738029153,2058.3101574154684,2061.0072574154683,155.18989403336775,2.6971,43.04996340823763,0.8972519144282288,13.508124219945715,330.20859760372383,329.835,329.7631494451373,5394.2,617.7124999999999,1290
aapl_real,0,TWAP,42,23.541468747039193,3643.557314026437,3645.8655890264367,111.79850997167331,2.308275,32.35693294399085,0.9835515488132638,16.591314724002952,330.5222292363523,329.74,329.97475773070363,4616.55,77.2049999999993,1320
aapl_real,0,TWAP,43,-0.23224465163771887,-25.304396457024858,-23.681421457024857,73.341673515266,1.622975,58.13892284885913,0.9833262142569349,9.651461591275872,330.0442930977662,330.07,329.72605925810893,3245.95,55.04000000000019,1350
aapl_real,0,TWAP,44,-5.377794808761751,-499.0474513044934,-497.7379263044934,51.186098984361344,1.309525,219.82531968549566,0.9285007781673539,22.44067427291756,328.71052155514786,328.985,327.9745246074947,2619.05,201.6799999999999,1380
aapl_real,0,TWAP,45,-7.833617168527893,-632.2018674795794,-630.9708024795794,40.4004062201195,1.231065,0.0,1.0,8.050892467876045,327.52322969644996,327.78,327.2597563856775,2462.13,0.0,1410
aapl_real,0,TWAP,46,11.966752447964044,1034.6156185997033,1035.9369523497032,37.604992986711856,1.32133375,0.0,1.0,10.863716162848359,327.55150427308763,327.16,327.19604777382557,2642.6675,0.0,1440
aapl_real,0,TWAP,47,5.827929953880763,527.1568685377722,528.5395272877722,32.68779702418802,1.38265875,0.0,1.0,11.369246355645288,327.2906315887915,327.1,326.9189493814069,2765.3175,0.0,1470
aapl_real,0,TWAP,48,23.88636877956416,2571.167208489889,2572.812299739889,45.47001131626391,1.64509125,0.0,1.0,13.95733478221643,327.9414664409922,327.16,327.48438552052636,3290.1825,0.0,1500
aapl_real,0,TWAP,49,19.968572327311563,2163.571577181955,2165.225303431955,36.72167991441886,1.65372625,0.0,1.0,6.362166268643871,328.2441504608704,327.59,328.0354488541085,3307.4525000000003,0.0,1530
aapl_real,0,TWAP,50,-87.89678439577672,-13863.929898501876,-13861.526728501876,225.75201087575428,2.4031700000000003,0.0,1.0,0.25566572234711105,325.2854912264838,328.17,325.2771750040928,4806.34,0.0,1560
aapl_real,0,TWAP,51,-24.453331696816477,-6966.120459809159,-6961.710917309159,377.96941397686925,4.4095425,0.0,1.0,13.701999874989486,322.2301084795294,323.02,321.7891929313975,8819.085,0.0,1590
aapl_real,0,TWAP,52,-14.487128232731866,-4819.5110024977885,-4814.328819997789,229.65623476875675,5.1821825,0.0,1.0,11.34498688098239,320.5149921579858,320.98,320.1517803831488,10364.365,0.0,1620
aapl_real,0,TWAP,53,34.14249777334723,9363.199574133043,9367.213249133043,235.5395283172901,4.013675,776.1435486864297,0.931620234206334,18.084750477034177,319.33972488124306,318.27,318.76324949840034,8027.35,589.1974999999986,1650
aapl_real,0,TWAP,54,53.873762447047014,10601.331841730474,10604.266141730475,123.34399646763069,2.9343000000000004,527.7522928242769,0.952218695846882,20.6091061838019,321.0065217511683,319.29,320.34631662567546,5868.6,294.4799999999998,1680
aapl_real,0,TWAP,55,15.80252847598795,2062.883909194276,2064.917644194276,82.89253766375195,2.033735,0.0,1.0,15.640644863422848,321.44716634890835,320.94,320.945187379266,4067.4700000000003,0.0,1710
aapl_real,0,TWAP,56,24.506099935329114,2210.2947497661435,2211.6345497661437,56.10401287938277,1.3397999999999999,63.76532407014955,0.9525578485331351,14.721418316745796,321.4260633772563,320.625,320.95357419465887,2679.6,133.45750000000035,1740
aapl_real,0,TWAP,57,20.72526301744428,1490.9072082095195,1492.0271594595195,30.437550483882273,1.1199512499999997,0.0,1.0,10.586376988929763,321.82561254706826,321.16,321.4852761141348,2239.9024999999997,0.0,1770
aapl_real,0,TWAP,58,-1.9375903716433847,-134.91615899656335,-133.83301649656335,26.553844759388248,1.0831425000000003,0.0,1.0,7.756999604105038,321.3677200326843,321.43,321.1186283254052,2166.2850000000003,0.0,1800
aapl_real,0,TWAP,59,12.544533578765758,989.5750002567463,990.7825002567463,26.650515795174897,1.2075,9.575343297215875,0.9831750855698193,14.107637095226364,321.5557969594035,321.15,321.10279678667064,2415.0,41.327500000000015,1830
aapl_real,0,TWAP,60,19.627284266756057,1368.97939748404,1369.95139748404,16.238315592194354,0.9720000000000001,166.5177216625016,0.8946177970957135,8.214510125882345,321.59855024476417,320.98,321.3345896207406,1944.0,228.9949999999999,1860
aapl_real,0,TWAP,61,1.000000000000439,69.2434388250304,69.2434388250304,0.0,0.0,69.2434388250304,0.0,0.0,0.0,321.675,321.67499999999995,0.0,2152.59,1890
aapl_real,0,TWAP,62,1.000000000000439,39.51182276251733,39.51182276251733,0.0,0.0,39.51182276251733,0.0,0.0,0.0,321.675,321.67499999999995,0.0,1228.3149999999998,1920
aapl_real,0,VWAP,0,7.103609884698812,1449.7188047806185,1452.9483247340177,173.4183499449723,3.229519953399123,1.668168392365602,0.9980588126044895,18.19238238036336,315.57418976462185,315.35,315.0011276681434,6459.039906798246,12.56259320175451,60
aapl_real,0,VWAP,1,6.127245520119496,754.7379525533296,756.6895863033296,96.70840528036503,1.9516337500000014,0.0,1.0000000000000004,16.393546479988142,315.76836055050114,315.575,315.25155145433564,3903.2675000000027,0.0,90
aapl_real,0,VWAP,2,13.674673842641292,1487.5706663707647,1489.2731983680799,61.21271966146113,1.7025319973151845,9.746681415107128,0.9857300509951182,15.650848723801646,315.3490076977367,314.915,314.85623097366516,3405.063994630369,49.29350536963027,120
aapl_real,0,VWAP,3,-1.3987149275856856,-111.97116747675054,-110.71336730452832,32.4368719101632,1.2578001722222223,2.0689803734913537,0.9887948305818227,10.07441564912903,314.6146668261109,314.66,314.2980299269922,2515.6003444444445,28.50715555555557,150
aapl_real,0,VWAP,4,-20.4818758263446,-1589.7967115488743,-1588.5627727988742,42.59893085960989,1.2339387500000003,0.0,1.0000000000000002,2.607432542430689,313.8758040415098,314.52,313.7939843768615,2467.8775000000005,0.0,180
aapl_real,0,VWAP,5,19.72619760479619,2965.332161826608,2967.3452269534714,64.65568452715071,2.0130651268632063,235.9644022680179,0.840180061858794,18.484391871891244,314.37791342742383,313.7,313.7978771344717,4026.130253726413,765.8547462735861,210
aapl_real,0,VWAP,6,38.77798883070182,5465.619069847751,5467.833588951133,87.20435549805084,2.214519103381737,92.28523782928069,0.9857569930249724,19.06718489955539,314.9132055722195,313.7,314.3138974522972,4429.038206763475,63.994293236525436,240
aapl_real,0,VWAP,7,20.99727394053547,1535.1617164438371,1536.322010193837,27.301608740274972,1.1602937499999997,0.0,0.9999999999999996,8.648226618552425,315.7215401127705,315.06,315.44873289990517,2320.587499999999,0.0,270
aapl_real,0,VWAP,8,2.112074053982923,180.80370165070244,182.15925915070244,40.08097273101029,1.3555575,0.0,1.0,12.58910884935954,315.82168979429156,315.755,315.42459833407224,2711.115,0.0,300
aapl_real,0,VWAP,9,21.90563729609343,1796.6449048566678,1797.9448298566679,20.859070741262254,1.2999249999999996,0.0,0.9999999999999994,11.448370959980208,316.1610571397799,315.47,315.79951813651894,2599.849999999999,0.0,330
aapl_real,0,VWAP,10,24.597740489997857,1897.6697071022236,1898.8909271022235,23.463327710348306,1.2212200000000002,0.0,1.0,-2.0342258376698155,316.64195652998734,315.865,316.70638176046054,2442.44,0.0,360
aapl_real,0,VWAP,11,63.52708618888858,13191.03077720708,13194.30902470708,248.26384937519603,3.2782475,0.0,1.0,-22.313876167688157,318.7119028196021,316.7,319.42466305723855,6556.495,0.0,390
aapl_real,0,VWAP,12,23.422335059881984,9530.061702831632,9536.357511581631,845.4136822330919,6.29580875,0.0,0.9999999999999999,6.390555252625584,323.8918576239575,323.135,323.68500493311035,12591.617499999998,0.0,420
aapl_real,0,VWAP,13,14.030141778987076,6327.017572594174,6333.9560425941745,637.2196884449638,6.938469999999999,0.0,0.9999999999999999,14.963853678425966,325.42593751739173,324.97,324.9397025011379,13876.939999999997,0.0,450
aapl_real,0,VWAP,14,16.27417541605953,5953.0844415417,5958.368412380566,415.8559462349527,5.2839708388666535,514.2937263034304,0.9360067134347824,16.58636177569885,324.50464995560094,323.99,323.9673060614176,10567.941677733306,722.513322266696,480
aapl_real,0,VWAP,15,40.61166391267774,11088.428193231679,11092.632750731678,303.46683448768107,4.204557499999999,0.0,0.9999999999999998,7.542416355607015,326.00862011558075,324.69,325.76291616089054,8409.114999999998,0.0,510
aapl_real,0,VWAP,16,9.309535308694507,2135.0316905870327,2138.5451593370326,264.1182445055501,3.51346875,0.0,1.0,13.590151097011844,326.6738353038699,326.37,326.2304831480266,7026.9375,0.0,540
aapl_real,0,VWAP,17,-1.9458963935785691,-382.06686858284996,-379.06115983284997,252.669240836345,3.0057087499999997,0.0,1.0,13.56302341534835,326.5564431319929,326.62,326.11413376875475,6011.4175,0.0,570
aapl_real,0,VWAP,18,-1.6462721489814574,-281.2580223981496,-278.63536114814957,124.47615528110529,2.62266125,0.0,1.0000000000000002,15.5525644064685,325.65637926983544,325.71,325.15068657036613,5245.3225,0.0,600
aapl_real,0,VWAP,19,21.932386527596698,3195.2326999204943,3197.4730697721884,108.46683317593295,2.2403698516940858,3.4592259684880293,0.9986086871050136,19.404369379679864,325.3973318213594,324.685,324.76714166343737,4480.739703388172,6.2427966118293625,630
aapl_real,0,VWAP,20,2.024532713792793,201.42078609515156,202.94989609515156,57.630262144930725,1.5291100000000004,0.0,1.0000000000000002,8.800022464607489,325.3858620982451,325.32,325.0997735671821,3058.2200000000007,0.0,660
aapl_real,0,VWAP,21,29.863992653413565,3258.7902792088635,3260.4704604588633,98.72120821667396,1.68018125,0.0,0.9999999999999999,17.09117667262731,325.6997734334343,324.73,325.14406396929877,3360.3624999999997,0.0,690
aapl_real,0,VWAP,22,6.966511071720251,750.3063915745888,751.9598840745888,66.34191155770851,1.6534924999999996,0.0,0.9999999999999998,10.159369777632662,325.9068853325838,325.68,325.57612051267824,3306.984999999999,0.0,720
aapl_real,0,VWAP,23,-4.94399284178251,-493.1420551276648,-491.60976887766475,34.992791802484106,1.5322862499999998,0.0,0.9999999999999997,6.52178055656538,325.3190829209857,325.48,325.1070552338231,3064.5724999999993,0.0,750
aapl_real,0,VWAP,24,-54.33749926519081,-17354.39740654756,-17349.51941529756,711.6801953407733,4.877991250000002,0.0,1.0000000000000004,7.546077701094548,325.5911532865554,327.37,325.34564493491627,9755.982500000004,0.0,780
aapl_real,0,VWAP,25,-1.4130149933934912,-605.962701815495,-600.0047709923743,573.3464507096971,5.957930823120682,153.08976708334293,0.9026566142743032,18.653200975866383,324.7962989860546,324.86,324.19157792029154,11915.861646241365,1285.018353758636,810
aapl_real,0,VWAP,26,33.14745686712057,9267.495648637305,9271.503967974953,275.62047698580346,4.00831933764925,387.7070924365485,0.9293212415232421,20.94409362964483,325.2126697997581,324.105,324.5329649194402,8016.6386752985,609.6988247014986,840
aapl_real,0,VWAP,27,32.057257850268094,5222.9684250253,5225.4776075253,143.4496441370836,2.5091824999999996,0.0,0.9999999999999998,18.893164194132417,325.70077093336687,324.66,325.08657952094705,5018.364999999999,0.0,870
aapl_real,0,VWAP,28,-36.631309151012076,-3611.5834000529117,-3610.0743650529116,77.53856424130967,1.509035,0.0,1.0,-3.6021660697239115,325.4783467083093,326.675,325.5956316619916,3018.07,0.0,900
aapl_real,0,VWAP,29,10.123121679390664,1686.287555221237,1688.847612721237,171.58272036662052,2.5600575000000005,0.0,1.0000000000000002,11.562874894751028,325.66934564071727,325.34,325.29321316792004,5120.115000000001,0.0,930
aapl_real,0,VWAP,30,33.19012071933251,6324.912733718017,6327.682938849761,167.90862080255002,2.77020513174403,396.85169332665384,0.944929971375016,16.982243353349254,326.0849678829667,325.015,325.5321412787135,5540.41026348806,322.89223651194123,960
aapl_real,0,VWAP,31,-0.9256357210994962,-103.34913488984527,-101.69549248210767,53.612361403734596,1.6536424077376106,118.79598681232555,0.9662780799032404,7.519832746764494,326.1428315720912,326.21,325.8977619058835,3307.284815475221,115.42018452477838,990
aapl_real,0,VWAP,32,22.0409278663745,2734.8437878200225,2736.739002877127,70.11358177207187,1.8952150571044797,22.496843582098833,0.9932752191433932,14.782147719203914,325.8655776158675,325.15,325.3845893093951,3790.4301142089594,25.662385791040435,1020
aapl_real,0,VWAP,33,20.21210078312417,2425.3607241627055,2427.2022754127056,49.19873333747911,1.8415512500000004,0.0,1.0000000000000002,9.99666065381877,326.4585102435142,325.8,326.1324866637778,3683.1025000000004,0.0,1050
aapl_real,0,VWAP,34,-17.95068646279069,-1868.112450445525,-1866.518302945525,53.048406992032355,1.5941475000000003,0.0,1.0000000000000002,7.440599212186554,325.8240716431681,326.41,325.581819260379,3188.2950000000005,0.0,1080
aapl_real,0,VWAP,35,32.20032705283063,3559.8261667410843,3561.528650491084,50.06172231178981,1.70248375,0.0,1.0,11.45103092830454,325.72548021875133,324.68,325.35291758656155,3404.9675,0.0,1110
aapl_real,0,VWAP,36,-7.929021840985229,-921.6265042004881,-919.841492950488,48.78338974837862,1.7850112500000004,0.0,1.0,5.623191176940977,325.3268429423903,325.585,325.1440082505473,3570.0225000000005,0.0,1140
aapl_real,0,VWAP,37,49.97778330223573,9083.220250072998,9086.019516322998,374.5987965665559,2.7992662500000005,0.0,1.0,10.082415773463758,326.2524287793405,324.63,325.9238188341444,5598.5325,0.0,1170
aapl_real,0,VWAP,38,69.68847735885946,16963.48446262839,16967.216391378388,304.6248811534858,3.73192875,0.0,0.9999999999999999,-1.3610174054496842,328.4027503121045,326.13,328.4474525820785,7463.857499999999,0.0,1200
aapl_real,0,VWAP,39,-25.764500566431376,-6275.278219558208,-6271.725755562634,262.9249652855385,3.5524639955740636,595.7472906181582,0.9635554663541299,8.43037067037943,329.3479211613774,330.315,329.07050253007577,7104.927991148127,268.7295088518702,1230
aapl_real,0,VWAP,40,39.78478722679321,8561.442837716237,8564.713261466237,265.15654837462245,3.2704237500000004,0.0,1.0,13.851708598189756,330.30891949976143,329.0,329.85201809624203,6540.847500000001,0.0,1260
aapl_real,0,VWAP,41,9.259291682403568,1836.0612065691967,1838.634417992958,146.08827101637303,2.573211423761488,76.48905231060138,0.8560375500346978,12.546960876453454,330.1769019785957,329.835,329.7631494451373,5146.422847522976,865.4896524770245,1290
aapl_real,0,VWAP,42,24.452246673718122,3784.520123605691,3786.867001105691,112.9893447849262,2.3468775,0.0,1.0000000000000002,17.32043550985754,330.5462883818192,329.74,329.97475773070363,4693.755,0.0,1320
aapl_real,0,VWAP,43,1.0373504385103716,113.02532297657372,114.66484308081036,77.3716173595345,1.6395201042366434,23.434771414763286,0.9933505428593502,11.25973877457479,330.09732218755056,330.07,329.72605925810893,3279.040208473287,21.94979152671337,1350
aapl_real,0,VWAP,44,-6.51470255234485,-604.5499726872545,-603.1448433968872,58.70674496480183,1.4051292903673116,11.957280967720555,0.9962876917445566,24.120714307005393,328.765622588298,328.985,327.9745246074947,2810.258580734623,10.471419265376696,1380
aapl_real,0,VWAP,45,-7.823129545151829,-631.3554774989191,-630.1244124989191,41.848006451034685,1.231065,0.0,1.0,8.061396763388823,327.523573459769,327.78,327.2597563856775,2462.13,0.0,1410
aapl_real,0,VWAP,46,11.766109587560612,1017.2685365039899,1018.58987025399,39.048480668858325,1.3213337500000002,0.0,1.0000000000000002,10.663095407627706,327.54494004126667,327.16,327.19604777382557,2642.6675000000005,0.0,1440
aapl_real,0,VWAP,47,6.054073978067218,547.6123950406738,548.9950537906739,35.56635053107369,1.3826587499999996,0.0,0.9999999999999997,11.595515620401176,327.2980287598226,327.1,326.9189493814069,2765.317499999999,0.0,1470
aapl_real,0,VWAP,48,23.53631702819563,2533.4870741547256,2535.1321654047256,45.73575274731779,1.6450912499999994,0.0,0.9999999999999998,13.607629770189627,327.9300141478945,327.16,327.48438552052636,3290.182499999999,0.0,1500
aapl_real,0,VWAP,49,22.621153996822965,2450.9757146554825,2452.6294409054826,41.04624325918814,1.6537262500000005,0.0,1.0000000000000002,9.011145920540697,328.33104638378194,327.59,328.0354488541085,3307.452500000001,0.0,1530
aapl_real,0,VWAP,50,-72.30449186569233,-11404.56290254143,-11402.15973254143,211.3069963609035,2.40317,0.0,0.9999999999999998,15.986626984948739,325.7971834904436,328.17,325.2771750040928,4806.339999999999,0.0,1560
aapl_real,0,VWAP,51,-26.21833149693637,-7468.923160546046,-7464.513618046047,380.18953425699374,4.409542500000001,0.0,1.0000000000000002,11.930249151351632,322.1730954559859,323.02,321.7891929313975,8819.085000000001,0.0,1590
aapl_real,0,VWAP,52,-9.5336752697472,-3171.619117236409,-3166.4369347364086,242.90346782625807,5.182182499999998,0.0,0.9999999999999997,16.311254225041303,320.6739880911917,320.98,320.1517803831488,10364.364999999996,0.0,1620
aapl_real,0,VWAP,53,32.52760788830919,8920.334017423143,8923.923035338637,195.54176517413748,3.5890179154946136,1955.9017814339638,0.8330524297567243,14.963850362776352,319.240242055065,318.27,318.76324949840034,7178.035830989227,1438.511669010772,1650
aapl_real,0,VWAP,54,50.64935883850847,9966.830535470512,9969.91207547051,133.68261939545496,3.0815400000000004,0.0,1.0000000000000002,17.50813802347194,320.9071833783548,319.29,320.34631662567546,6163.080000000001,0.0,1680
aapl_real,0,VWAP,55,15.0597970289394,1965.926719508007,1967.9542523811244,87.79681356266595,2.027532873117589,5.633423273387954,0.9969503760900946,14.900706263829752,321.4234183756588,320.94,320.945187379266,4055.0657462351774,12.404253764822528,1710
aapl_real,0,VWAP,56,24.9286879293682,2248.4095059698525,2249.8130371004227,63.24209900095427,1.4035311305701867,2.601368245607296,0.9978687819713508,14.690043887654097,321.42505640374077,320.625,320.95357419465887,2807.0622611403733,5.995238859626475,1740
aapl_real,0,VWAP,57,18.799496561280083,1352.3739076474621,1353.4938588974621,30.42708367374676,1.11995125,0.0,1.0,8.662559007162528,321.7637646315621,321.16,321.4852761141348,2239.9024999999997,0.0,1770
aapl_real,0,VWAP,58,-2.4970854905364117,-173.8743069741204,-172.7911644741204,26.93168582529525,1.0831425000000003,0.0,1.0,7.196961972518341,321.34973618107773,321.43,321.1186283254052,2166.2850000000003,0.0,1800
aapl_real,0,VWAP,59,12.410079896821317,978.9686272489918,980.1967909989918,28.200628835142158,1.2281637500000002,0.0,1.0000000000000004,13.881938546671801,321.54854971588634,321.15,321.10279678667064,2456.327500000001,0.0,1830
aapl_real,0,VWAP,60,19.022409873824696,1326.7901383519838,1327.7819390459244,17.145635378278726,0.9918006939405574,137.72087944046078,0.9128421316575117,7.6200971881089306,321.5794497010217,320.98,321.3345896207406,1983.6013878811145,189.39361211888513,1860
aapl_real,0,VWAP,61,1.000000000000439,69.2434388250304,69.2434388250304,0.0,0.0,69.2434388250304,0.0,0.0,0.0,321.675,321.67499999999995,0.0,2152.59,1890
aapl_real,0,VWAP,62,1.000000000000439,39.51182276251733,39.51182276251733,0.0,0.0,39.51182276251733,0.0,0.0,0.0,321.675,321.67499999999995,0.0,1228.3149999999998,1920
aapl_real,0,POV,0,-0.011849502978905543,-2.4182700872729126,0.8175311627270876,172.78276352213888,3.23580125,0.0,0.9999999999999999,12.69630611870601,315.3496263259236,315.35,314.94975647390316,6471.6025,0.0,60
aapl_real,0,POV,1,5.7273666302895325,705.4819249323442,707.4335586823443,104.1339500595528,1.9516337500000007,0.0,1.0000000000000002,14.115643281200121,315.75574137243535,315.575,315.310660092373,3903.2675000000013,0.0,90
aapl_real,0,POV,2,8.777893891338724,954.8847464685477,956.6119252185478,66.09395163075794,1.7271787500000002,0.0,1.0,10.260926418666566,315.19142904547914,314.915,314.86834495356555,3454.3575,0.0,120
aapl_real,0,POV,3,-3.7927646765063674,-303.62176052988616,-302.34970677988616,37.36411988875532,1.27205375,0.0,1.0,8.81708737900483,314.54065686668906,314.66,314.2635679328389,2544.1075,0.0,150
aapl_real,0,POV,4,1.6427262914097935,127.50789420854821,128.7418329585482,53.609931803474716,1.23393875,0.0,1.0,6.85989430826811,314.5716670273174,314.52,314.35602211862727,2467.8775,0.0,180
aapl_real,0,POV,5,15.233086867466824,2289.907224746399,2291.781224746399,55.42408624972016,1.874,335.0767806284274,0.7821393430905982,13.50197638413908,314.221566287118,313.7,313.7978771344717,3748.0,1043.9849999999992,210
aapl_real,0,POV,6,34.71413856319076,4892.8338845178505,4895.080400767851,86.5639081000608,2.246516250000001,0.0,1.0000000000000002,15.55381354435584,314.78898252672724,313.7,314.30012597109504,4493.032500000001,0.0,240
aapl_real,0,POV,7,13.862823078843292,1013.5446788351794,1014.7049725851795,34.78395662204815,1.1602937500000001,0.0,1.0,6.7953375969704295,315.49676210392204,315.06,315.2825169897852,2320.5875,0.0,270
aapl_real,0,POV,8,0.5392651747143802,46.16369372835497,47.519251228354975,52.10903121621375,1.3555575,0.0,1.0,9.920601214942362,315.7720275675242,315.755,315.45907320103794,2711.115,0.0,300
aapl_real,0,POV,9,18.018755155473862,1477.8526734629752,1479.1525984629752,22.74200838954353,1.2999250000000002,0.0,1.0,9.785786631278052,316.03843766888974,315.47,315.72947154471547,2599.8500000000004,0.0,330
aapl_real,0,POV,10,14.773840976719798,1139.7742199315776,1140.9954399315775,40.21887002390649,1.2212200000000002,0.0,1.0000000000000002,6.376543875375756,316.3316539280111,315.865,316.13007220043994,2442.4400000000005,0.0,360
aapl_real,0,POV,11,8.313646580781292,1726.2804654983504,1729.5587129983503,355.62770432680617,3.2782474999999995,0.0,0.9999999999999999,3.83641524626369,316.96329318721337,316.7,316.8417395391913,6556.494999999999,0.0,390
aapl_real,0,POV,12,0.9573852414882339,389.54017186744164,395.83598061744163,1073.3191435128083,6.29580875,0.0,0.9999999999999999,9.6302051347718,323.16593646800084,323.135,322.85502046041836,12591.617499999998,0.0,420
aapl_real,0,POV,13,11.454072355492745,5165.316089642525,5172.254559642525,752.2942592159701,6.93847,0.0,1.0000000000000002,10.917744034848534,325.34222298933645,324.97,324.9874100535851,13876.94,0.0,450
aapl_real,0,POV,14,7.7110097584553845,2820.6831405011226,2826.3283680011227,447.7258321170622,5.645227500000001,0.0,1.0000000000000002,12.044502481984274,324.2398290051642,323.99,323.84976807163133,11290.455000000002,0.0,480
aapl_real,0,POV,15,37.61251092886772,10269.55279396215,10273.757351462149,308.04916192850544,4.204557500000002,0.0,1.0000000000000004,15.044305017338406,325.91124061734934,324.69,325.4216663365875,8409.115000000003,0.0,510
aapl_real,0,POV,16,3.2737216431081557,750.7892953227023,754.3027640727023,252.55022648066122,3.51346875,0.0,1.0,11.540887489577809,326.4768444532661,326.37,326.10049554033344,7026.9375,0.0,540
aapl_real,0,POV,17,-0.029805161169896514,-5.852091937355102,-2.8463831873551015,275.7556883806378,3.00570875,0.0,1.0000000000000002,10.914280286759139,326.61902650382586,326.62,326.2629339929479,6011.4175000000005,0.0,570
aapl_real,0,POV,18,-1.8083262244895713,-308.9442156118124,-306.3215543618124,131.8853917893533,2.6226612499999997,0.0,1.0,12.532867212152645,325.65110100654215,325.71,325.24347767481044,5245.322499999999,0.0,600
aapl_real,0,POV,19,18.910566768298228,2754.9971014812954,2757.0615014812956,90.03023731520761,2.0644,214.00446972807777,0.9201729670218237,16.42067620643203,325.30043127101175,324.685,324.76714166343737,4128.8,358.1825000000011,630
aapl_real,0,POV,20,4.501779520584964,447.882103206203,449.411213206203,89.29219422896836,1.5291100000000002,0.0,1.0,6.389387116790018,325.46645189136365,325.32,325.258631560352,3058.2200000000003,0.0,660
aapl_real,0,POV,21,27.32963280445256,2982.2382677058963,2983.918448955896,97.5597500414723,1.6801812500000006,0.0,1.0000000000000002,16.198965826343994,325.617475166059,324.73,325.0908615903232,3360.362500000001,0.0,690
aapl_real,0,POV,22,4.58011433192366,493.28695842237744,494.94045092237747,100.56797410432033,1.6534925,0.0,1.0,9.015223364115844,325.8291651635621,325.68,325.5356874700088,3306.985,0.0,720
aapl_real,0,POV,23,3.4447308639569685,343.59711107530046,345.1293973253005,64.38301278188419,1.53228625,0.0,1.0,6.64191517047782,325.59211910016006,325.48,325.3760071163825,3064.5725,0.0,750
aapl_real,0,POV,24,-44.17896456672225,-14109.948350012439,-14105.07035876244,1015.5023880746301,4.87799125,0.0,1.0,9.289487164712476,325.9237132369792,327.37,325.62122781534435,9755.9825,0.0,780
aapl_real,0,POV,25,-5.1480556897704215,-2207.711701188723,-2201.895501188723,545.5842913044912,5.8162,164.92995503480395,0.8811836786638467,14.326519943256072,324.6560316309426,324.86,324.19157792029154,11632.400000000001,1568.479999999998,810
aapl_real,0,POV,26,27.978794088656723,7822.420691583797,7825.728791583797,197.78497865364918,3.3081,1423.2614191119808,0.7669767152050335,16.615589173299377,325.0721955612696,324.105,324.5329649194402,6616.200000000001,2010.137499999999,840
aapl_real,0,POV,27,34.36224473646036,5598.51126723939,5600.69056723939,115.19007653530633,2.1793,1309.6789043151753,0.8685298897150766,17.14661947669261,325.6439931085496,324.66,325.08657952094705,4358.6,659.7649999999995,870
aapl_real,0,POV,28,8.031554987678938,791.8535084436644,793.3625434436644,94.52313467612368,1.509035,0.0,1.0,3.473545842427035,326.93737082256,326.675,326.8238470610435,3018.07,0.0,900
aapl_real,0,POV,29,16.034522650260065,2670.9958504296205,2673.5559079296204,202.11664993192102,2.5600575,0.0,1.0,10.396597858611335,325.86166715990356,325.34,325.523233744416,5120.115,0.0,930
aapl_real,0,POV,30,30.006537266429497,5718.229567651931,5720.92211765193,146.33494600699905,2.69255,594.1105654374925,0.9184414414913779,13.344156485128153,325.9665364621297,325.015,325.5321412787135,5385.1,478.20250000000084,960
aapl_real,0,POV,31,6.739338867549206,752.461066285765,754.172418785765,57.46711736146385,1.7113525000000003,0.0,1.0,6.718884200633087,326.4298439731983,326.21,326.21066680367176,3422.7050000000004,0.0,990
aapl_real,0,POV,32,14.989321167228406,1859.8786823477212,1861.7867285977213,74.38615517461467,1.90804625,0.0,0.9999999999999999,11.197237979045319,325.6373777777524,325.15,325.27316167780214,3816.0924999999997,0.0,1020
aapl_real,0,POV,33,16.126107280620783,1935.0599748002267,1936.9015260502267,69.77081966997449,1.84155125,0.0,1.0,8.536552077834337,326.3253885752026,325.8,326.0470568071767,3683.1025,0.0,1050
aapl_real,0,POV,34,-6.884778487296773,-716.4929562631946,-714.8988087631947,58.89654083847629,1.5941475,0.0,1.0,8.390866082288753,326.18527394539615,326.41,325.91180571375804,3188.295,0.0,1080
aapl_real,0,POV,35,19.06483214236114,2107.664565442283,2109.367049192283,70.07971938942923,1.7024837500000003,0.0,1.0000000000000002,6.41633505451225,325.2989969699982,324.68,325.09040807187847,3404.9675000000007,0.0,1110
aapl_real,0,POV,36,3.812009257548145,443.087285729743,444.872296979743,57.33680484200508,1.78501125,0.0,0.9999999999999999,7.502720294945497,325.7091133034118,325.585,325.4649260727979,3570.0225,0.0,1140
aapl_real,0,POV,37,29.654417492671033,5389.54686814809,5392.34613439809,369.9633039913158,2.79926625,0.0,0.9999999999999999,5.516675660029844,325.59267135506457,324.63,325.41315147384563,5598.532499999999,0.0,1170
aapl_real,0,POV,38,57.21788087698076,13927.907023180087,13931.638951930086,373.50316686455346,3.73192875,0.0,1.0,13.062510721930378,327.99604674904094,326.13,327.56816048818695,7463.8575,0.0,1200
aapl_real,0,POV,39,-18.977588267923995,-4622.237718537768,-4618.550889787768,327.81176343437494,3.6868287499999997,0.0,1.0,8.537441408968558,329.68814179312807,330.315,329.4069125715492,7373.657499999999,0.0,1230
aapl_real,0,POV,40,35.35146027639816,7607.417997760508,7610.688421510508,321.6281060861928,3.27042375,0.0,0.9999999999999999,11.380483807513784,330.1630630430935,329.0,329.7877486297737,6540.8475,0.0,1260
aapl_real,0,POV,41,9.700905718022259,1923.6305830277495,1926.6365392777495,181.8419736820269,3.00595625,0.0,1.0,11.8866772713878,330.1549698237504,329.835,329.76299119850796,6011.9125,0.0,1290
aapl_real,0,POV,42,22.805554501811077,3529.658484709155,3532.005362209155,109.71140507409106,2.3468775,0.0,1.0000000000000002,16.099246271379883,330.49199035414273,329.74,329.96077837105355,4693.755,0.0,1320
aapl_real,0,POV,43,4.018320571528044,437.8192398246397,439.46973482463966,91.45306230299775,1.650495,0.0,1.0,10.087448631926627,330.20263270710444,330.07,329.86987816198655,3300.9900000000002,0.0,1350
aapl_real,0,POV,44,-9.960847014453229,-924.3445486796893,-922.9341836796893,55.853225650070364,1.4103649999999999,0.0,0.9999999999999999,17.971939016480075,328.657303074495,328.985,328.0677018014897,2820.7299999999996,0.0,1380
aapl_real,0,POV,45,-0.9606856552009899,-77.53088416408315,-76.29981916408315,42.34247835207025,1.2310650000000003,0.0,1.0000000000000002,7.144207260141276,327.7485106455938,327.78,327.514527479092,2462.1300000000006,0.0,1410
aapl_real,0,POV,46,9.654071762534752,834.667005274281,835.988339024281,49.21610105814404,1.32133375,0.0,1.0,7.106204457883381,327.4758426117831,327.16,327.24329683430545,2642.6675,0.0,1440
aapl_real,0,POV,47,8.614121704467603,779.1777627503218,780.5604215003218,40.45095904505114,1.38265875,0.0,1.0,8.702084523001684,327.38176792095317,327.1,327.0971252378481,2765.3175,0.0,1470
aapl_real,0,POV,48,19.15454347299183,2061.8259110813765,2063.4710023313764,54.602535412836495,1.6450912500000003,0.0,1.0000000000000002,11.509337597885601,327.7866600442624,327.16,327.4098330141597,3290.1825000000003,0.0,1500
aapl_real,0,POV,49,10.692411238653563,1158.5103165262856,1160.1640427762857,46.68225160853729,1.6537262500000003,0.0,1.0000000000000002,8.236878065903289,327.94027269976704,327.59,327.67037460762185,3307.452500000001,0.0,1530
aapl_real,0,POV,50,-6.494602189030696,-1024.391393682255,-1021.988223682255,257.9102534238927,2.4031700000000003,0.0,1.0,14.959619589382587,327.9568666399626,328.17,327.46698848238486,4806.34,0.0,1560
aapl_real,0,POV,51,-10.231251472365265,-2914.6183879873925,-2910.2088454873924,572.7413544405715,4.4095425,0.0,1.0,11.494674392950971,322.68951011493965,323.02,322.31901490224385,8819.085,0.0,1590
aapl_real,0,POV,52,-3.370817369248475,-1121.3879754165878,-1116.2057929165878,249.9833545615903,5.182182500000001,0.0,1.0,11.901666489987884,320.87180350408187,320.98,320.49036655847857,10364.365,0.0,1620
aapl_real,0,POV,53,26.23670915076251,7195.125136358421,7199.4334101084205,260.3646693663349,4.30827375,0.0,1.0,11.787720013040866,319.1050357421413,318.27,318.7293265360261,8616.547499999999,0.0,1650
aapl_real,0,POV,54,49.948766310957076,9828.967250393489,9831.752400393489,109.77145210962352,2.7851500000000002,1071.0514179409786,0.9038175717336139,16.105553282032716,320.86225209278723,319.29,320.34631662567546,5570.3,592.7799999999975,1680
aapl_real,0,POV,55,13.692063782602169,1787.3809310776062,1789.4146660776062,80.65506106186969,2.033735,0.0,1.0,12.40096772278136,321.3794330950388,320.94,320.9813851153958,4067.4700000000003,0.0,1710
aapl_real,0,POV,56,22.688255504887046,2046.3367143749126,2047.7432431249126,65.0194513282495,1.40652875,0.0,1.0,13.08138729101656,321.3524421921254,320.625,320.93261780534226,2813.0575000000003,0.0,1740
aapl_real,0,POV,57,12.7938946198276,920.3506702770965,921.4706215270965,33.083936711796,1.11995125,0.0,1.0,8.785027225644868,321.57088871961037,321.16,321.28863577835006,2239.9024999999997,0.0,1770
aapl_real,0,POV,58,-0.7410284151637777,-51.59847455084712,-50.51533205084712,40.60493105040627,1.0831425000000001,0.0,1.0,6.180384055770853,321.4061811236514,321.43,321.20766245209035,2166.2850000000003,0.0,1800
aapl_real,0,POV,59,10.162064082994004,801.6339949505937,802.8621587005937,32.007522763190416,1.22816375,0.0,1.0,11.46297514734856,321.47635468802537,321.15,321.10826907722134,2456.3275,0.0,1830
aapl_real,0,POV,60,10.799510828237795,753.2528507677671,754.339348267767,25.23352364567412,1.0864975000000001,0.0,1.0,6.749902905337178,321.3266426985648,320.98,321.1098966361411,2172.995,0.0,1860
aapl_real,0,POV,61,1.000000000000439,69.2434388250304,69.2434388250304,0.0,0.0,69.2434388250304,0.0,0.0,0.0,321.675,321.67499999999995,0.0,2152.59,1890
aapl_real,0,POV,62,1.000000000000439,39.51182276251733,39.51182276251733,0.0,0.0,39.51182276251733,0.0,0.0,0.0,321.675,321.67499999999995,0.0,1228.3149999999998,1920
aapl_real,0,DQN,0,1.4521946384246396,296.3667641800762,299.6025654300762,165.8114727153578,3.235801250000001,0.0,1.0000000000000002,12.89697965815222,315.3957949579227,315.35,314.9895535714286,6471.602500000003,0.0,60
aapl_real,0,DQN,1,6.044817290434358,744.584660490709,746.536294240709,97.29080229211169,1.9516337500000014,0.0,1.0000000000000004,16.31103367882089,315.76575932164286,315.575,315.25155145433564,3903.2675000000027,0.0,90
aapl_real,0,DQN,2,11.822481291624682,1286.0837907736966,1287.78989806105,60.95546646340807,1.7061072873534513,8.414785771398051,0.9878000683794027,13.75894144423138,315.28943981819697,314.915,314.85623097366516,3412.2145747069026,42.142925293097775,120
aapl_real,0,DQN,3,-1.8914928895365548,-151.4194657813187,-150.15415748298537,32.61044820138676,1.2653082983333335,0.827105115348944,0.9946971960369861,9.602612690018434,314.5998381520547,314.66,314.2980299269922,2530.6165966666667,13.49090333333335,150
aapl_real,0,DQN,4,-22.510886400678963,-1747.2878693961272,-1746.0631597651009,37.32763152096721,1.224709631026344,13.020735330801896,0.9925206020366439,0.23429276430353427,313.80133634286364,314.52,313.7939843768615,2449.419262052688,18.458237947312057,180
aapl_real,0,DQN,5,19.52910452088883,2935.704228846661,2937.768778106677,65.9050287361663,2.0645492600162405,200.69728998497652,0.8616676638245907,17.989182528316725,314.36237386334875,313.7,313.7978771344717,4129.098520032481,662.8864799675179,210
aapl_real,0,DQN,6,37.04761801612906,5221.729481779454,5223.975998029454,86.91547050273557,2.2465162499999995,0.0,0.9999999999999998,17.443909712961272,314.8621837771659,313.7,314.3138974522972,4493.032499999999,0.0,240
aapl_real,0,DQN,7,19.769228901802506,1445.376359788936,1446.536653538936,27.551932502077648,1.1602937500000001,0.0,1.0,7.686552610548799,315.6828493257802,315.06,315.4403844147506,2320.5875,0.0,270
aapl_real,0,DQN,8,1.201822907078288,102.88182363615154,104.23738113615154,39.60857839141549,1.3555575,0.0,1.0000000000000002,11.677904230539458,315.7929481592024,315.755,315.42459833407224,2711.1150000000002,0.0,300
aapl_real,0,DQN,9,21.63399031142185,1774.3651069976524,1775.6650319976525,21.57806993880544,1.2999249999999998,0.0,0.9999999999999997,11.177007422884184,316.15248749235445,315.47,315.79951813651894,2599.8499999999995,0.0,330
aapl_real,0,DQN,10,19.814593204869833,1528.6588334698836,1529.8800534698835,26.808058692262904,1.2212200000000004,0.0,1.0000000000000002,-4.212739003301097,316.4908736482657,315.865,316.6242591848716,2442.4400000000005,0.0,360
aapl_real,0,DQN,11,34.796853170542214,7225.364622545243,7228.642870045243,262.36628004653625,3.2782475000000004,0.0,1.0000000000000002,-41.194040251728,317.80201633991106,316.7,319.11658649080067,6556.495000000001,0.0,390
aapl_real,0,DQN,12,4.570618852371275,1859.6898888117619,1865.985697561762,939.5650112851336,6.295808750000001,0.0,1.0000000000000002,-8.916300612772538,323.28269269228605,323.135,323.571198499832,12591.617500000002,0.0,420
aapl_real,0,DQN,13,11.591379363157458,5227.235909414844,5234.174379414844,712.01907164684,6.938469999999999,0.0,1.0,12.071584409154308,325.3466850551645,324.97,324.95441359188436,13876.939999999999,0.0,450
aapl_real,0,DQN,14,9.583846180722789,3505.7656766000396,3511.4109041000397,425.9791632287343,5.6452275,0.0,1.0,10.901337291203332,324.30050703240926,323.99,323.9473610876281,11290.455,0.0,480
aapl_real,0,DQN,15,37.03508262955085,10111.894337822996,10116.098895322995,296.8150708381328,4.204557499999999,0.0,0.9999999999999998,10.419440757147877,325.89249209789887,324.69,325.55328378253216,8409.114999999998,0.0,510
aapl_real,0,DQN,16,6.736525627839817,1544.9423868082013,1548.4558555582012,246.27054068051072,3.5134687500000004,0.0,1.0000000000000002,11.01604103397293,326.58985998691577,326.37,326.2304831480266,7026.937500000001,0.0,540
aapl_real,0,DQN,17,-4.664949889862914,-915.9392053952486,-912.9334966452485,221.80373841667128,3.0057087499999993,0.0,0.9999999999999999,10.83975214006554,326.4676334066973,326.62,326.11413376875475,6011.417499999999,0.0,570
aapl_real,0,DQN,18,-1.4232567169497903,-243.15686189664729,-240.58377525329237,121.6616344882045,2.5730866433549204,98.9601249352234,0.9810975944205224,15.157081598135242,325.6435201191698,325.71,325.15068657036613,5146.17328670984,99.14921329015806,600
aapl_real,0,DQN,19,21.767244581296755,3171.1738978251474,3173.417389075147,103.88656550821497,2.2434912499999995,0.0,0.9999999999999998,19.232491133532914,325.39174978068786,324.685,324.76714166343737,4486.982499999999,0.0,630
aapl_real,0,DQN,20,0.8913763284993792,88.68304254595057,90.21215254595057,61.41921117315388,1.5291100000000002,0.0,1.0,7.666098465772588,325.34899825471877,325.32,325.0997735671821,3058.2200000000003,0.0,660
aapl_real,0,DQN,21,27.42570228523494,2992.721470462326,2994.3317343824237,93.0080062939372,1.6102639200975624,126.4981236749162,0.9583870312191393,14.637253643619939,325.61998558280237,324.73,325.14406396929877,3220.527840195125,139.8346598048745,690
aapl_real,0,DQN,22,5.522656028723112,594.8004781962803,596.4539706962803,69.05861577363838,1.6534924999999996,0.0,0.9999999999999996,8.715054053054935,325.85986186154344,325.68,325.57612051267824,3306.9849999999988,0.0,720
aapl_real,0,DQN,23,4.042342930734735,403.2063484288127,404.73863467881273,42.78516291580101,1.5322862500000005,0.0,1.0000000000000002,16.227488032350315,325.61157017770955,325.48,325.0840404401345,3064.572500000001,0.0,750
aapl_real,0,DQN,24,-46.72109954474996,-14921.859484429327,-14916.981493179328,798.2921898595132,4.87799125,0.0,1.0,15.083919543353502,325.8404913642035,327.37,325.34973643941316,9755.9825,0.0,780
aapl_real,0,DQN,25,-4.326244590672939,-1855.283116694295,-1848.682676694295,677.601656564116,6.600440000000002,0.0,1.0000000000000002,16.549961918489593,324.7194576182274,324.86,324.1829360935302,13200.880000000003,0.0,810
aapl_real,0,DQN,26,35.228017560526986,9849.186945504049,9853.50011425405,301.39354647264963,4.313168749999999,0.0,0.9999999999999998,21.9944603742317,325.24675766314544,324.105,324.5329649194402,8626.337499999998,0.0,840
aapl_real,0,DQN,27,32.21867651561505,5249.26776092779,5251.77694342779,142.1835302078045,2.5091824999999988,0.0,0.9999999999999997,19.054371045451077,325.7060115517559,324.66,325.08657952094705,5018.364999999998,0.0,870
aapl_real,0,DQN,28,-8.295633572259657,-817.8897559730499,-816.3807209730498,63.62415623215199,1.5090350000000001,0.0,1.0000000000000002,24.54523408172713,326.4040023902782,326.675,325.6047977922837,3018.0700000000006,0.0,900
aapl_real,0,DQN,29,13.229330049652193,2203.712978384909,2206.192557323119,165.9610312836674,2.479578938210227,98.66833998684056,0.9685637678881145,14.487331515371851,325.76447622980646,325.34,325.29321316792004,4959.157876420453,160.9571235795454,930
aapl_real,0,DQN,30,33.89186667747269,6458.64174253993,6461.4631632254195,157.524192319232,2.821420685489521,268.60569732530746,0.9623998371189345,17.811765011532867,326.11197147912924,325.015,325.5321412787135,5642.841370979042,220.46112902095712,960
aapl_real,0,DQN,31,-0.8659269567335213,-96.68252835997278,-94.97117585997277,46.56211970130143,1.7113525000000003,0.0,1.0,8.71410374836829,326.1817525967444,326.21,325.8977619058835,3422.7050000000004,0.0,990
aapl_real,0,DQN,32,20.579251325562392,2553.478600670132,2555.386646920132,67.96413074732759,1.9080462500000002,0.0,0.9999999999999999,13.354813403359447,325.81913435685067,325.15,325.3845893093951,3816.0924999999997,0.0,1020
aapl_real,0,DQN,33,19.33647895036863,2320.290062524317,2322.131613774317,48.17657860270971,1.8415512499999993,0.0,0.9999999999999996,9.26977856084468,326.42998248420304,325.8,326.12766935645317,3683.102499999998,0.0,1050
aapl_real,0,DQN,34,-16.825904528889744,-1751.0573651644083,-1749.4632176644084,50.07313402334353,1.5941475000000003,0.0,1.0000000000000002,7.793168335564313,325.86078565027253,326.41,325.60703460707884,3188.2950000000005,0.0,1080
aapl_real,0,DQN,35,26.433234441646402,2922.2597485606184,2923.962232310618,50.24715169494779,1.7024837499999999,0.0,0.9999999999999999,6.892435723478964,325.53823425585136,324.68,325.3140136629395,3404.9674999999997,0.0,1110
aapl_real,0,DQN,36,1.0906998046682244,126.77703104720246,128.56204229720245,45.93496910176668,1.7850112500000006,0.0,1.0000000000000002,11.831583238850873,325.6205115495903,325.585,325.2357062165555,3570.022500000001,0.0,1140
aapl_real,0,DQN,37,45.762332198933414,8317.082412523183,8319.881678773183,334.719415542414,2.7992662499999996,0.0,0.9999999999999999,5.883698734124839,326.115582590174,324.63,325.9238188341444,5598.532499999999,0.0,1170
aapl_real,0,DQN,38,64.31227487330005,15654.815787574653,15658.547716324652,331.3851278247477,3.7319287500000007,0.0,1.0000000000000002,6.5187286585980315,328.227416220443,326.13,328.0135930594943,7463.857500000001,0.0,1200
aapl_real,0,DQN,39,-21.328962560798722,-5194.945419510278,-5191.258590760278,265.28375871735614,3.68682875,0.0,1.0000000000000002,16.408940909185425,329.61047237317297,330.315,329.07050253007577,7373.6575,0.0,1230
aapl_real,0,DQN,40,35.665054490559115,7674.901554313739,7678.1719780637395,275.2332371472075,3.270423749999999,0.0,0.9999999999999996,10.862425767010174,330.1733802927394,329.0,329.81512106579794,6540.847499999998,0.0,1260
aapl_real,0,DQN,41,10.442715924416179,2070.727033740641,2073.7026277607374,174.68186128160792,2.975594020096283,0.007980500304835181,0.989899310775492,12.730382064159574,330.182950533449,329.835,329.7631494451373,5951.1880401925655,60.72445980743376,1290
aapl_real,0,DQN,42,23.71654789097554,3670.654641821798,3673.0015193217982,110.1100698594949,2.3468775,0.0,1.0000000000000002,16.58526013374801,330.52202945015705,329.74,329.97475773070363,4693.755,0.0,1320
aapl_real,0,DQN,43,-0.8183340158185337,-89.16221848175525,-87.51172348175524,74.47325708217703,1.650495,0.0,0.9999999999999999,9.611918200947606,330.0429892491399,330.07,329.72605925810893,3300.99,0.0,1350
aapl_real,0,DQN,44,-8.54900139526367,-793.3284011792243,-791.9180361792244,52.971883321334715,1.410365,0.0,1.0,22.23422904495315,328.70375067759795,328.985,327.9745246074947,2820.73,0.0,1380
aapl_real,0,DQN,45,-6.003064947806383,-484.4695354595162,-483.2384704595162,34.639910257735174,1.231065,0.0,1.0,9.884354710636183,327.58323153714076,327.78,327.2597563856775,2462.13,0.0,1410
aapl_real,0,DQN,46,10.72127291014555,926.934559091149,928.2095090251387,37.58291031672243,1.274949933989622,4.391076507444902,0.9648962148962151,9.95574955978268,327.52179596468426,327.16,327.19604777382557,2549.8998679792435,92.76763202075705,1440
aapl_real,0,DQN,47,5.291332649102511,478.61974522105305,480.00240397105307,29.505591970778777,1.3826587499999996,0.0,0.9999999999999997,10.832351878511867,327.27307949095217,327.1,326.9189493814069,2765.317499999999,0.0,1470
aapl_real,0,DQN,48,23.157157516865418,2492.6737336542915,2494.3188249042914,46.958591516599796,1.6450912499999994,0.0,0.9999999999999998,13.641228657267149,327.9176095653218,327.16,327.47089902410295,3290.182499999999,0.0,1500
aapl_real,0,DQN,49,16.946361528793723,1836.118553663477,1837.7722799134772,39.745097566028114,1.65372625,0.0,0.9999999999999999,5.194931181515015,328.1451458573217,327.59,327.9747652238606,3307.4525,0.0,1530
aapl_real,0,DQN,50,-58.992059637134865,-9304.797496286754,-9302.394326286754,214.96666071694492,2.40317,0.0,0.9999999999999998,29.41745220159974,326.2340575788882,328.17,325.2771750040928,4806.339999999999,0.0,1560
aapl_real,0,DQN,51,-15.589174944898607,-4440.9519275993125,-4436.542385099313,455.3238326847831,4.4095425,0.0,1.0,17.70617974039087,322.51643847092987,323.02,321.9463943983311,8819.085,0.0,1590
aapl_real,0,DQN,52,-6.365324825613684,-2117.5869046430403,-2112.40472214304,252.81915952940923,5.1821825,0.0,0.9999999999999998,19.487801062736157,320.77568580374754,320.98,320.1517803831488,10364.364999999998,0.0,1620
aapl_real,0,DQN,53,25.758913198242155,7064.094920325034,7068.403194075034,245.22244764842486,4.308273750000001,0.0,1.0000000000000002,10.245203375044388,319.08982893036045,318.27,318.76324949840034,8616.5475,0.0,1650
aapl_real,0,DQN,54,54.910450168951144,10805.332268969165,10808.413808969164,130.8490955412415,3.0815400000000004,0.0,1.0000000000000002,21.75517874249178,321.0432357634445,319.29,320.34631662567546,6163.08,0.0,1680
aapl_real,0,DQN,55,15.073842208458478,1967.7601966553934,1969.7939316553934,80.52231403883306,2.033735000000001,0.0,1.0000000000000004,14.911970373517915,321.42377989183825,320.94,320.945187379266,4067.470000000002,0.0,1710
aapl_real,0,DQN,56,25.53332318002243,2302.9437698295183,2304.340798196651,58.5021925249778,1.397028367132867,8.419542742985437,0.9932455110731769,15.349318162925691,321.44621604724307,320.625,320.95357419465887,2794.0567342657337,19.00076573426572,1740
aapl_real,0,DQN,57,19.209153865842396,1381.8433058284918,1382.9632570784918,31.709932818614796,1.1199512499999997,0.0,1.0,9.071801823889706,321.7769211855554,321.16,321.4852761141348,2239.9024999999997,0.0,1770
aapl_real,0,DQN,58,-2.1554168475353754,-150.08361228555702,-149.02288475380593,26.217865747846307,1.0607275317511,17.912277115085047,0.9793056146823709,7.230433287844651,321.3508110073643,321.43,321.1186283254052,2121.4550635022,44.8299364978005,1800
aapl_real,0,DQN,59,12.315768205120245,971.5288534420739,972.7570171920739,27.765497148047878,1.22816375,0.0,1.0,13.787612990830548,321.54552089590743,321.15,321.10279678667064,2456.3275,0.0,1830
aapl_real,0,DQN,60,18.096890140984584,1262.2362536166884,1263.246878534655,17.332830510203824,1.0106249179666484,110.344151591475,0.9301677343635384,6.7002243779405335,321.5498910058258,320.98,321.3345896207406,2021.249835933297,151.7451640667025,1860
aapl_real,0,DQN,61,1.000000000000439,69.2434388250304,69.2434388250304,0.0,0.0,69.2434388250304,0.0,0.0,0.0,321.675,321.67499999999995,0.0,2152.59,1890
aapl_real,0,DQN,62,1.000000000000439,39.51182276251733,39.51182276251733,0.0,0.0,39.51182276251733,0.0,0.0,0.0,321.675,321.67499999999995,0.0,1228.3149999999998,1920
aapl_real,0,Regime-Aware DQN,0,1.87492976915975,382.63938872103756,385.6795143043098,173.04619414520127,3.0401255832722613,72.12775559699064,0.939527909284373,12.696501039129082,315.40106888261994,315.35,315.0011276681434,6080.251166544523,391.3513334554787,60
aapl_real,0,Regime-Aware DQN,1,3.469838641039893,427.4055777640526,429.3572115140526,119.94957569595869,1.9516337500000007,0.0,1.0000000000000002,12.5700283296984,315.6844994329146,315.575,315.28818129582385,3903.2675000000013,0.0,90
aapl_real,0,Regime-Aware DQN,2,7.662327695802698,833.5302214560744,835.0889502206899,63.4909614571806,1.5587287646154224,52.57931311671494,0.9024710179044424,9.82283063050834,315.1655089166466,314.915,314.85623097366516,3117.457529230845,336.89997076915535,120
aapl_real,0,Regime-Aware DQN,3,0.1812791454712698,14.511918874450071,15.78397262445007,44.52842071050455,1.2720537500000002,0.0,1.0000000000000002,12.263936262647578,314.6657041295914,314.66,314.2802728061612,2544.1075000000005,0.0,150
aapl_real,0,Regime-Aware DQN,4,-16.6838524719353,-1294.995342259285,-1293.761403509285,41.3199982997483,1.2339387500000003,0.0,1.0000000000000002,6.403837323757235,313.9952594720527,314.52,313.79431070016824,2467.8775000000005,0.0,180
aapl_real,0,Regime-Aware DQN,5,13.544117607899901,2036.0136479877162,2037.8205407577575,60.69271837978735,1.8068927700413415,384.7326245519832,0.7541312295599178,11.442469792484347,314.1569394074774,313.7,313.7978771344717,3613.785540082683,1178.1994599173172,210
aapl_real,0,Regime-Aware DQN,6,32.801158083273044,4623.206116122428,4625.310751986571,86.6010358815642,2.1046358641420158,417.23246415725635,0.9368442645994729,12.25905135716692,314.6992164734111,313.7,314.3138974522972,4209.271728284031,283.76077171596785,240
aapl_real,0,Regime-Aware DQN,7,13.736515190393598,1004.3100022108728,1005.4702959608728,39.06755895735557,1.1602937500000001,0.0,1.0,3.157221452562774,315.49278264758857,315.06,315.39320602798216,2320.5875,0.0,270
aapl_real,0,Regime-Aware DQN,8,2.15533264968497,184.50684558942555,185.77161509196566,52.01110340868778,1.2647695025400967,51.75229900837022,0.9330253438456848,12.138665897246522,315.8074817155673,315.755,315.42459833407224,2529.5390050801934,181.5759949198072,300
aapl_real,0,Regime-Aware DQN,9,15.106540403701278,1239.00019339595,1240.30011839595,29.65505908976563,1.2999250000000004,0.0,1.0000000000000002,5.231986156999071,315.94656603011555,315.47,315.7813496651069,2599.850000000001,0.0,330
aapl_real,0,Regime-Aware DQN,10,15.524322694975684,1197.6724818897167,1198.8937018897166,35.20118793947073,1.22122,0.0,1.0,-5.623077015070116,316.35535901880485,315.865,316.53334815825804,2442.44,0.0,360
aapl_real,0,Regime-Aware DQN,11,37.82442379131411,7854.022091896564,7857.300339396565,279.8216873189235,3.2782475,0.0,1.0,-38.18939663184419,317.89789950147093,316.7,319.11658649080067,6556.495,0.0,390
aapl_real,0,Regime-Aware DQN,12,29.02938569083119,11811.454157820968,11817.749966570967,779.6316509125039,6.295808750000001,0.0,1.0,13.11737352795342,324.0730410545207,323.135,323.64849922890596,12591.6175,0.0,420
aapl_real,0,Regime-Aware DQN,13,7.256087110093042,3272.197200643488,3278.4063294838766,567.9893739456916,6.209128840388426,671.2568578756584,0.894884439997352,7.37805707274533,325.17944486816333,324.97,324.9397025011379,12418.257680776853,1458.682319223148,450
aapl_real,0,Regime-Aware DQN,14,16.776642340049804,6136.886566756844,6142.066779936697,462.97371151707074,5.180213179851933,674.4388608920835,0.9176270008342327,16.975031802514362,324.51724159375436,323.99,323.9673060614176,10360.426359703866,930.0286402961339,480
aapl_real,0,Regime-Aware DQN,15,36.32471392344657,9917.938423943357,9922.142981443356,358.34967217393114,4.204557499999999,0.0,0.9999999999999998,9.710955766596692,325.8694271363804,324.69,325.55328378253216,8409.114999999998,0.0,510
aapl_real,0,Regime-Aware DQN,16,6.033218921183414,1383.6473213593988,1387.1607901093987,297.10552076937046,3.5134687499999995,0.0,0.9999999999999998,10.312433548751441,326.56690616593073,326.37,326.2304831480266,7026.937499999998,0.0,540
aapl_real,0,Regime-Aware DQN,17,-2.8035263608848244,-550.4581545181269,-547.5640848012398,258.4005267804744,2.8940697168871448,150.46145579536133,0.9628576677255055,11.798641971952417,326.49890415938785,326.62,326.11413376875475,5788.139433774289,223.27806622570995,570
aapl_real,0,Regime-Aware DQN,18,-3.6230347330461568,-618.9788150925266,-616.3561538425266,157.20372104250313,2.6226612499999997,0.0,1.0,12.332075947851404,325.5919941357099,325.71,325.1909661664779,5245.322499999999,0.0,600
aapl_real,0,Regime-Aware DQN,19,19.337207914853202,2817.1525691906,2819.222361500114,106.97177921618757,2.0697923095140243,207.29769826099027,0.9225765019203995,16.883522071617023,325.31546298387843,324.685,324.76714166343737,4139.584619028049,347.397880971951,630
aapl_real,0,Regime-Aware DQN,20,1.466447942809866,145.89692495263475,147.42603495263475,71.81160430607483,1.5291100000000002,0.0,1.0,9.063973558284824,325.3677064844755,325.32,325.07306112142396,3058.2200000000003,0.0,660
aapl_real,0,Regime-Aware DQN,21,26.811799809168146,2925.731786778485,2927.411968028485,108.60801106554673,1.6801812500000004,0.0,1.0000000000000002,15.681707642781031,325.6006595752031,324.73,325.0908615903232,3360.3625000000006,0.0,690
aapl_real,0,Regime-Aware DQN,22,3.766644336114521,405.6747044653855,407.32819696538553,97.94557352852642,1.6534925,0.0,1.0,6.905652577103923,325.8026720727386,325.68,325.5778393282181,3306.985,0.0,720
aapl_real,0,Regime-Aware DQN,23,5.3011461361776435,528.7665625309019,530.2988487809018,51.23949982174018,1.53228625,0.0,1.0,15.555943564180925,325.6525417044403,325.48,325.14674526250224,3064.5725,0.0,750
aapl_real,0,Regime-Aware DQN,24,-41.7925768056803,-13347.780010812225,-13343.24658718757,739.4525023530801,4.5334236246537305,1385.8164520579558,0.9293628037265813,12.27489640784357,325.7450033437482,327.37,325.34564493491627,9066.847249307462,689.1352506925375,780
aapl_real,0,Regime-Aware DQN,25,-1.7627780784148583,-755.9564279867001,-751.0376554265902,441.105791393465,4.918772560109969,123.47460764984444,0.7452188884544012,17.860633776132886,324.77060462494563,324.86,324.19157792029154,9837.545120219937,3363.334879780066,810
aapl_real,0,Regime-Aware DQN,26,27.92310670637015,7806.851395420485,7810.509635218209,246.50045177327797,3.658239797724056,886.8883118874702,0.848155963692368,15.956471304027769,325.050805013635,324.105,324.5329649194402,7316.479595448112,1309.8579045518873,840
aapl_real,0,Regime-Aware DQN,27,35.52385492487078,5787.768045364116,5789.9820242596425,139.92102052041892,2.2139788955266457,1169.6892649556432,0.8823506841477836,18.959779126151865,325.7029364954064,324.66,325.08657952094705,4427.957791053292,590.4072089467087,870
aapl_real,0,Regime-Aware DQN,28,-4.334905433320027,-427.3904718839467,-425.8814368839467,67.10467483563409,1.509035,0.0,0.9999999999999999,27.456701339825393,326.53338947675707,326.675,325.6392913999091,3018.0699999999997,0.0,900
aapl_real,0,Regime-Aware DQN,29,6.307743924316607,1050.730240924824,1053.2902984248242,219.69969066847815,2.5600575,0.0,1.0,7.015541787006095,325.5452161408337,325.34,325.31698864804537,5120.115,0.0,930
aapl_real,0,Regime-Aware DQN,30,29.351226171693312,5593.349470869718,5595.815365526615,152.93758342187738,2.4658946568968307,1184.854584004535,0.841128240235543,11.573429164387687,325.90889359649555,325.015,325.5321412787135,4931.789313793661,931.5131862063397,960
aapl_real,0,Regime-Aware DQN,31,5.405220254553442,603.5039751205983,605.0356091585072,47.358462842131935,1.5316340379089304,355.31541936538156,0.8949845446270888,12.066941878676847,326.2910208410144,326.21,325.8977619058835,3063.2680758178603,359.43692418213976,990
aapl_real,0,Regime-Aware DQN,32,18.970683882485304,2353.8871539915067,2355.795200241507,83.93945367967565,1.9080462500000002,0.0,1.0,11.747405673243426,325.766831786439,325.15,325.3845893093951,3816.0925,0.0,1020
aapl_real,0,Regime-Aware DQN,33,17.355863290991387,2082.6251368711664,2084.4666881211665,69.77330132132526,1.84155125,0.0,1.0,7.7814308585696645,326.36545402602053,325.8,326.11169246731,3683.1025,0.0,1050
aapl_real,0,Regime-Aware DQN,34,-11.428359322494513,-1189.339493103603,-1187.745345603603,64.39412282556543,1.5941475,0.0,1.0,13.204024194209062,326.0369669233545,326.41,325.60703460707884,3188.295,0.0,1080
aapl_real,0,Regime-Aware DQN,35,20.780725820424127,2297.360875187599,2299.063358937599,69.55280419016471,1.70248375,0.0,1.0,1.250943435845351,325.3547086059375,324.68,325.3140136629395,3404.9675,0.0,1110
aapl_real,0,Regime-Aware DQN,36,3.1902892086481733,370.8219184813865,372.6069297313865,57.1308014812386,1.7850112500000004,0.0,1.0,13.933427541394162,325.68887103119977,325.585,325.2357062165555,3570.0225000000005,0.0,1140
aapl_real,0,Regime-Aware DQN,37,50.72050753872676,9218.206785676579,9221.006051926579,393.6662999315445,2.79926625,0.0,1.0,11.31533495089931,326.2765398362297,324.63,325.90776428463175,5598.5325,0.0,1170
aapl_real,0,Regime-Aware DQN,38,63.93344846401088,15562.602323433104,15566.334252183104,357.0967803866303,3.7319287500000007,0.0,1.0000000000000002,6.142077631090005,328.21506155475674,326.13,328.0135930594943,7463.857500000002,0.0,1200
aapl_real,0,Regime-Aware DQN,39,-1.6359109567650876,-398.4473275410551,-395.43484185621537,243.63526503082844,3.0124856848397092,2847.2256587381326,0.8170940092727955,21.448108962545216,329.77629652953823,330.315,329.07050253007577,6024.971369679418,1348.686130320582,1230
aapl_real,0,Regime-Aware DQN,40,34.293786371921975,7379.813043572926,7383.0834673229265,303.1053841630781,3.270423750000001,0.0,1.0000000000000002,9.49454666682256,330.12826557163623,329.0,329.81512106579794,6540.847500000002,0.0,1260
aapl_real,0,Regime-Aware DQN,41,8.50265581045916,1686.0249165778262,1688.2147019407273,148.20551636746816,2.1897853629010466,217.6324559428508,0.7284821137703008,12.346219887373666,330.17028228051754,329.835,329.7631494451373,4379.570725802094,1632.341774197906,1290
aapl_real,0,Regime-Aware DQN,42,22.621975601676116,3501.2456336897476,3503.5925111897477,127.60832269784129,2.3468774999999993,0.0,0.9999999999999998,15.953150521532116,330.48593702348967,329.74,329.9595475906167,4693.754999999998,0.0,1320
aapl_real,0,Regime-Aware DQN,43,3.9340405472878377,428.63644430386876,430.0400700622021,83.87433632799768,1.4036257583333578,491.1960644571556,0.8504271496329028,9.755241531506297,330.0477149928384,330.07,329.72605925810893,2807.251516666716,493.7384833332846,1350
aapl_real,0,Regime-Aware DQN,44,-11.778901554249488,-1093.0559846273159,-1091.645619627316,59.300596895290724,1.4103650000000003,0.0,1.0000000000000002,18.68470811366754,328.5974918072175,328.985,327.9846620396205,2820.730000000001,0.0,1380
aapl_real,0,Regime-Aware DQN,45,-3.1606989429514694,-255.0800902426735,-253.8821345446678,44.0092069073522,1.197955698005698,53.531147438211256,0.9731051552969973,11.961023515565156,327.65119254986024,327.78,327.2597563856775,2395.911396011396,66.21860398860395,1410
aapl_real,0,Regime-Aware DQN,46,7.261205614029495,627.785756478727,629.107090228727,56.51967052221597,1.32133375,0.0,1.0,5.597287687983326,327.39755760286863,327.16,327.21440628610503,2642.6675,0.0,1440
aapl_real,0,Regime-Aware DQN,47,5.974290295199027,540.395678856019,541.778337606019,45.570194852234785,1.38265875,0.0,1.0,11.875618611245782,327.295419035556,327.1,326.90719651684543,2765.3175,0.0,1470
aapl_real,0,Regime-Aware DQN,48,18.509083002032057,1992.3475063634496,1993.9925976134496,61.56910804668836,1.6450912499999994,0.0,0.9999999999999998,9.510617000291541,327.7655431594945,327.16,327.4541140930636,3290.182499999999,0.0,1500
aapl_real,0,Regime-Aware DQN,49,15.818254239522457,1713.8894414829922,1715.5431677329923,46.888307329069924,1.65372625,0.0,1.0,4.068147336909102,328.10819019063246,327.59,327.9747652238606,3307.4525000000003,0.0,1530
aapl_real,0,Regime-Aware DQN,50,-58.64105332540962,-9249.433390157697,-9247.030220157698,218.07243586170483,2.40317,0.0,0.9999999999999998,29.77158015821664,326.24557655302004,328.17,325.2771750040928,4806.339999999999,0.0,1560
aapl_real,0,Regime-Aware DQN,51,-22.4609559273116,-6398.544238145146,-6394.134695645146,483.0843329868147,4.4095425,0.0,1.0,10.81148319599375,322.29446620163594,323.02,321.9463943983311,8819.085,0.0,1590
aapl_real,0,Regime-Aware DQN,52,-14.63652850225193,-4869.212795093318,-4864.030612593318,305.65524019948816,5.182182499999999,0.0,0.9999999999999998,8.631203428525032,320.51019670813474,320.98,320.2337964039896,10364.364999999998,0.0,1620
aapl_real,0,Regime-Aware DQN,53,23.628599762216275,6479.880197975741,6483.224903542451,199.8653758638797,3.344705566710405,2655.9889332122775,0.7763447173500536,2.459002619862697,318.8416334649636,318.27,318.76324949840034,6689.41113342081,1927.13636657919,1650
aapl_real,0,Regime-Aware DQN,54,48.20300833693359,9485.435283117933,9488.468022677058,142.62665244204888,3.0327395591247113,173.4639947950657,0.9841636192049142,14.950202162933692,320.82524084524596,319.29,320.34631662567546,6065.479118249422,97.60088175057808,1680
aapl_real,0,Regime-Aware DQN,55,7.992882317697271,1043.4019053542836,1045.1358186183656,87.2312552017473,1.7339132640819612,223.05713398003226,0.8525758095730078,7.20906241626074,321.17655876806754,320.94,320.945187379266,3467.8265281639224,599.6434718360784,1710
aapl_real,0,Regime-Aware DQN,56,21.53883178928771,1942.6659870641458,1944.0725158141458,73.05203978939028,1.4065287500000003,0.0,1.0,11.508104250414087,321.3155887942441,320.625,320.94624051478183,2813.0575000000003,0.0,1740
aapl_real,0,Regime-Aware DQN,57,15.795971990752049,1136.3102355741296,1137.4301868241296,34.674998556231,1.11995125,0.0,1.0,6.098209211097609,321.66730343645503,321.16,321.47126353441615,2239.9024999999997,0.0,1770
aapl_real,0,Regime-Aware DQN,58,-0.6671001972481994,-46.45078629402991,-45.36764379402991,38.00564031289626,1.0831425000000001,0.0,1.0,8.874630383571656,321.4085573983599,321.43,321.12357209737826,2166.2850000000003,0.0,1800
aapl_real,0,Regime-Aware DQN,59,7.367625360321761,581.1948146221433,582.3146669829872,30.26387617873854,1.1198523608438355,45.65992763816098,0.911810302855654,8.916546673807392,321.3891095941345,321.15,321.10279678667064,2239.7047216876713,216.62277831232922,1830
aapl_real,0,Regime-Aware DQN,60,15.05732569063345,1050.2303004088105,1051.2831872152283,23.867303369096536,1.052886806417824,48.881208050834296,0.9690650980953237,3.7635506172986823,321.45552552005324,320.98,321.3345896207406,2105.773612835648,67.22138716435182,1860
aapl_real,0,Regime-Aware DQN,61,1.000000000000439,69.2434388250304,69.2434388250304,0.0,0.0,69.2434388250304,0.0,0.0,0.0,321.675,321.67499999999995,0.0,2152.59,1890
aapl_real,0,Regime-Aware DQN,62,1.000000000000439,39.51182276251733,39.51182276251733,0.0,0.0,39.51182276251733,0.0,0.0,0.0,321.675,321.67499999999995,0.0,1228.3149999999998,1920
aapl_real,0,PPO,0,-1.182032185571843,-241.2314745733099,-237.9956733233099,174.17591757758842,3.2358012499999997,0.0,0.9999999999999999,10.259738455933654,315.312724615028,315.35,314.9895535714286,6471.6025,0.0,60
aapl_real,0,PPO,1,5.484976170441892,675.6249069977501,677.5765407477502,113.10599653665912,1.9516337500000007,0.0,1.0000000000000002,14.586999036394515,315.7480921354987,315.575,315.28818129582385,3903.2675000000013,0.0,90
aapl_real,0,PPO,2,9.543851802187362,1038.2078686844545,1039.9350474344544,65.44745391962927,1.7271787500000002,0.0,1.0000000000000002,11.41216847614165,315.2155502090286,314.915,314.85623097366516,3454.3575000000005,0.0,120
aapl_real,0,PPO,3,-3.358862590620861,-268.88664605515976,-267.61459230515976,37.229025632047616,1.27205375,0.0,1.0,9.770807229753915,314.5543100297235,314.66,314.24726508476147,2544.1075,0.0,150
aapl_real,0,PPO,4,-17.005722274814236,-1319.9787743678637,-1318.7448356178636,41.23900470580674,1.2339387500000003,0.0,1.0000000000000002,6.091628764987514,313.9851360230125,314.52,313.7939843768615,2467.8775000000005,0.0,180
aapl_real,0,PPO,5,18.707012909955726,2812.1236613846854,2814.3456492298947,73.1330012717134,2.22198784520934,98.52281718608155,0.9273767948811776,16.34005502270545,314.31062459231026,313.7,313.7978771344717,4443.97569041868,348.0093095813205,210
aapl_real,0,PPO,6,33.06920728304968,4660.986693767978,4663.233210017978,90.93179860292045,2.24651625,0.0,0.9999999999999998,15.046165459977432,314.7373810324693,313.7,314.2645334156718,4493.032499999999,0.0,240
aapl_real,0,PPO,7,12.020236652715448,878.8287081505393,879.9890019005394,32.54413661256879,1.1602937500000001,0.0,1.0,1.4427561256426298,315.43870957598045,315.06,315.39320602798216,2320.5875,0.0,270
aapl_real,0,PPO,8,2.2388144843878934,191.65329232807892,193.00884982807892,52.022359058228155,1.3555575000000002,0.0,1.0000000000000002,12.715982038113994,315.8256916867518,315.755,315.42459833407224,2711.1150000000002,0.0,300
aapl_real,0,PPO,9,15.9011431775573,1304.1715009336674,1305.4714259336674,23.519705496455085,1.299925,0.0,0.9999999999999998,6.282729940505365,315.97163336382243,315.47,315.77324156390404,2599.85,0.0,330
aapl_real,0,PPO,10,14.557993153504242,1123.121963777128,1124.343183777128,36.46991878085807,1.2212200000000002,0.0,1.0,-6.587366188368479,316.32483605074316,315.865,316.53334815825804,2442.44,0.0,360
aapl_real,0,PPO,11,13.316579502836408,2765.1104529923223,2768.388700492322,294.7518079588885,3.2782475000000004,0.0,1.0,-62.511649421999984,317.12173607285484,316.7,319.11658649080067,6556.495,0.0,390
aapl_real,0,PPO,12,7.054383791388085,2870.282259881673,2876.578068631673,938.8058770568915,6.29580875,0.0,0.9999999999999999,-6.435883977143199,323.362951830643,323.135,323.571198499832,12591.617499999998,0.0,420
aapl_real,0,PPO,13,11.285619790156506,5089.350902845396,5096.289372845396,711.6426506737581,6.93847,0.0,1.0,11.765810170425155,325.33674878632075,324.97,324.95441359188436,13876.939999999999,0.0,450
aapl_real,0,PPO,14,10.4434513665049,3820.2087821043738,3825.854009604374,440.4516648282826,5.645227500000002,0.0,1.0000000000000002,11.761055620769937,324.32835738082343,323.99,323.9473610876281,11290.455000000002,0.0,480
aapl_real,0,PPO,15,35.59641269391215,9719.086293577582,9723.290851077581,311.87510556418323,4.204557499999999,0.0,0.9999999999999998,8.984585805063121,325.8457799237586,324.69,325.55328378253216,8409.114999999998,0.0,510
aapl_real,0,PPO,16,5.011279313239151,1149.277572872666,1152.791041622666,267.88335063845926,3.513468750000001,0.0,1.0000000000000002,10.77012552816856,326.5335531229462,326.37,326.18225074438845,7026.937500000002,0.0,540
aapl_real,0,PPO,17,-1.4027995910566393,-275.4325712165272,-272.4268624665272,262.44252182419444,3.00570875,0.0,1.0,14.106962666278895,326.5741817597569,326.62,326.11413376875475,6011.4175,0.0,570
aapl_real,0,PPO,18,-2.0370974878118773,-348.02873340758964,-345.4060721575896,136.74777279471593,2.6226612499999997,0.0,1.0,13.92054449061093,325.6436496977244,325.71,325.1909661664779,5245.322499999999,0.0,600
aapl_real,0,PPO,19,19.394329423632477,2825.4743499731285,2827.7178412231283,107.95533719932483,2.24349125,0.0,1.0,16.860176144952632,325.3147047848912,324.685,324.76714166343737,4486.9825,0.0,630
aapl_real,0,PPO,20,3.2832381118274423,326.64940255913723,328.17851255913723,76.41355296344784,1.5291100000000002,0.0,1.0,10.882143835900878,325.42681030225395,325.32,325.07306112142396,3058.2200000000003,0.0,660
aapl_real,0,PPO,21,26.36464369779878,2876.937641737977,2878.617822987977,103.79558824011933,1.68018125,0.0,1.0,15.929444994818045,325.5861390747986,324.73,325.0683232772783,3360.3625,0.0,690
aapl_real,0,PPO,22,3.9994902396873337,430.7526477721635,432.40614027216355,97.95664054251776,1.6534925,0.0,1.0,7.1385715436770205,325.8102553981261,325.68,325.5778393282181,3306.985,0.0,720
aapl_real,0,PPO,23,3.9176869321142758,390.77244787293705,392.3047341229371,54.53570483424119,1.53228625,0.0,1.0,14.171066402408659,325.60751287426643,325.48,325.14674526250224,3064.5725,0.0,750
aapl_real,0,PPO,24,-42.608854704172984,-13608.484151344848,-13603.606160094849,880.1835768102061,4.87799125,0.0,1.0,19.221699423530367,325.9751139235495,327.37,325.34973643941316,9755.9825,0.0,780
aapl_real,0,PPO,25,-4.272281366453351,-1832.1413232245416,-1825.5408832245416,673.3621737613906,6.600440000000002,0.0,1.0000000000000002,16.33702980920888,324.72121066752936,324.86,324.19157792029154,13200.880000000003,0.0,810
aapl_real,0,PPO,26,35.294166585415624,9867.681148627218,9871.994317377219,303.4963999353757,4.313168749999999,0.0,0.9999999999999998,22.060522167731627,325.2489015861167,324.105,324.5329649194402,8626.337499999998,0.0,840
aapl_real,0,PPO,27,32.21867651561505,5249.26776092779,5251.77694342779,142.1835302078045,2.5091824999999988,0.0,0.9999999999999997,19.054371045451077,325.7060115517559,324.66,325.08657952094705,5018.364999999998,0.0,870
aapl_real,0,PPO,28,-0.33344719324338284,-32.87549300920261,-31.366458009202606,68.44221672716753,1.509035,0.0,1.0,31.470886375533613,326.6641071138147,326.675,325.6392913999091,3018.07,0.0,900
aapl_real,0,PPO,29,13.19564371194725,2198.101581638738,2200.661639138738,203.83037074046166,2.5600575000000005,0.0,1.0000000000000002,13.291246794195311,325.7693070725245,325.34,325.33689377787863,5120.115000000001,0.0,930
aapl_real,0,PPO,30,32.33472797573776,6161.903852188369,6164.784986707707,163.62602480951807,2.8811345193383486,121.44039973971474,0.9827685060896477,16.315972427988033,326.0632786228662,325.015,325.5321412787135,5762.269038676697,101.03346132330256,960
aapl_real,0,PPO,31,2.301109426624327,256.92360731930864,258.6349598193086,48.12057368038389,1.7113524999999998,0.0,0.9999999999999998,11.884174425052132,326.28506449060586,326.21,325.8977619058835,3422.7049999999995,0.0,990
aapl_real,0,PPO,32,15.744899229306007,1953.6309953997725,1955.5390416497726,74.36774981912068,1.9080462500000008,0.0,1.0000000000000002,10.585076983825417,325.6619453984409,325.15,325.31759422053915,3816.092500000001,0.0,1020
aapl_real,0,PPO,33,16.266847055150816,1951.9481115226429,1953.789662772643,67.8557199931562,1.84155125,0.0,1.0,6.693455487454862,326.32997387705683,325.8,326.11169246731,3683.1025,0.0,1050
aapl_real,0,PPO,34,-7.60139803060213,-791.0709337603962,-789.4767862603962,54.6205561455233,1.5941475,0.0,1.0,15.46360710440338,326.16188276688314,326.41,325.65829757049124,3188.295,0.0,1080
aapl_real,0,PPO,35,18.52436318708586,2047.9143794847457,2049.616863234746,64.77654666404587,1.70248375,0.0,1.0,-1.0010217086716524,325.2814490239583,324.68,325.3140136629395,3404.9675,0.0,1110
aapl_real,0,PPO,36,3.66527014199341,426.0311266207932,427.8161378707932,51.43835859495977,1.7850112500000002,0.0,0.9999999999999999,14.408918590585644,325.7043356979181,325.585,325.2357062165555,3570.0225,0.0,1140
aapl_real,0,PPO,37,39.79767547439961,7233.034918512061,7235.834184762061,376.6814331646445,2.7992662499999996,0.0,0.9999999999999999,0.46821470677721533,325.9219519389254,324.63,325.90669250827847,5598.532499999999,0.0,1170
aapl_real,0,PPO,38,53.24803409782912,12961.571744962203,12965.303673712202,390.13887845157086,3.7319287499999994,0.0,0.9999999999999998,-4.481976557451982,327.8665781360325,326.13,328.0135930594943,7463.857499999998,0.0,1200
aapl_real,0,PPO,39,-18.740706708941495,-4564.542143035923,-4560.855314285923,287.91175567336495,3.6868287500000005,0.0,1.0000000000000002,19.006985173662493,329.69596634634365,330.315,329.07050253007577,7373.6575,0.0,1230
aapl_real,0,PPO,40,33.10126318869993,7123.189349505984,7126.459773255984,321.1768917343106,3.2704237500000004,0.0,1.0,8.304970743159103,330.08903155890823,329.0,329.81512106579794,6540.847500000001,0.0,1260
aapl_real,0,PPO,41,9.79923460798811,1943.1286036694803,1946.1345599194804,179.60252433779752,3.00595625,0.0,1.0,11.98022308496145,330.1582130546925,329.835,329.7631494451373,6011.9125,0.0,1290
aapl_real,0,PPO,42,21.70811078491195,3359.805060336766,3362.151937836766,113.6791810533839,2.3468774999999993,0.0,0.9999999999999998,15.039893769665923,330.4558032450217,329.74,329.9595475906167,4693.754999999998,0.0,1320
aapl_real,0,PPO,43,1.9991805338096902,217.82226828456695,219.47276328456695,86.72688231404281,1.650495,0.0,0.9999999999999999,12.432371729818538,330.13598695187943,330.07,329.72605925810893,3300.99,0.0,1350
aapl_real,0,PPO,44,-7.999240952581415,-742.3118493201584,-740.9014843201585,63.04632082729095,1.410365,0.0,1.0000000000000002,22.475896504329352,328.7218369715215,328.985,327.9846620396205,2820.7300000000005,0.0,1380
aapl_real,0,PPO,45,-4.167753137136414,-336.35308693374196,-335.12202193374196,38.14059823844181,1.2310649999999996,0.0,0.9999999999999997,11.722584109648452,327.64338938767094,327.78,327.2597563856775,2462.129999999999,0.0,1410
aapl_real,0,PPO,46,9.327433518982517,806.4266760888459,807.7480098388459,48.86331616444977,1.32133375,0.0,1.0,7.66317203903215,327.46515631500705,327.16,327.21440628610503,2642.6675,0.0,1440
aapl_real,0,PPO,47,7.653940852504846,692.3260100429019,693.7086687929019,39.768987571550184,1.3826587499999998,0.0,0.9999999999999999,13.556259793661258,327.3503604052854,327.1,326.90719651684543,2765.3174999999997,0.0,1470
aapl_real,0,PPO,48,19.253258798224508,2072.4517876872346,2074.0968789372346,55.21712832312705,1.6450912499999997,0.0,0.9999999999999999,10.596739004318902,327.7898896148427,327.16,327.442906912506,3290.1824999999994,0.0,1500
aapl_real,0,PPO,49,13.35074784288834,1446.5379944809222,1448.1917207309223,44.15063197094613,1.6537262499999994,0.0,0.9999999999999996,1.6035357076524313,328.0273571485851,327.59,327.9747652238606,3307.452499999999,0.0,1530
aapl_real,0,PPO,50,-36.53851804338345,-5763.208019848264,-5760.804849848264,243.3973488831727,2.40317,0.0,0.9999999999999998,48.87485492903679,326.9709154533703,328.17,325.38062238180726,4806.339999999999,0.0,1560
aapl_real,0,PPO,51,-12.171639163846503,-3467.3845535626565,-3462.9750110626564,514.8048355187725,4.4095425,0.0,1.0,21.13511209435677,322.6268317117294,323.02,321.9463943983311,8819.085,0.0,1590
aapl_real,0,PPO,52,-4.848364588593719,-1612.931569560752,-1607.749387060752,262.57431623236613,5.1821825,0.0,1.0,16.356937677831894,320.82437719343534,320.98,320.30046372110866,10364.365,0.0,1620
aapl_real,0,PPO,53,23.319107768608404,6395.005467310635,6399.313741060635,264.9205154618736,4.30827375,0.0,1.0000000000000002,7.809173263946687,319.0121772429515,318.27,318.76324949840034,8616.5475,0.0,1650
aapl_real,0,PPO,54,48.55143175770425,9553.998385772054,9557.079925772054,133.71183506979276,3.0815400000000004,0.0,1.0000000000000002,15.417128691178242,320.84019866459175,319.29,320.34631662567546,6163.080000000001,0.0,1680
aapl_real,0,PPO,55,11.592751566360018,1513.333812741997,1515.367547741997,84.68786271983778,2.033735,0.0,1.0,10.889012894286909,321.3120577687707,320.94,320.96256122199776,4067.4700000000003,0.0,1710
aapl_real,0,PPO,56,22.57687495534481,2036.2908953939675,2037.6974241439675,67.91449235003081,1.4065287499999997,0.0,0.9999999999999997,12.545108421525262,321.3488710532557,320.625,320.94624051478183,2813.0574999999994,0.0,1740
aapl_real,0,PPO,57,14.323797325710903,1030.4068355542663,1031.5267868042663,30.969588869522248,1.1199512500000002,0.0,1.0000000000000002,4.627459974521244,321.6200230749126,321.16,321.47126353441615,2239.9025,0.0,1770
aapl_real,0,PPO,58,-0.902170379933227,-62.81893438489042,-61.73579188489042,35.81652901069787,1.0831425000000003,0.0,1.0,8.60413622329965,321.4010015374779,321.43,321.1247014698666,2166.2850000000003,0.0,1800
aapl_real,0,PPO,59,9.520612233744966,751.033092980051,752.2612567300511,32.90748972735239,1.22816375,0.0,1.0,10.746785753223024,321.4557544618867,321.15,321.1106637112887,2456.3275,0.0,1830
aapl_real,0,PPO,60,12.682378840960077,884.5806229937176,885.6671204937176,22.358276308341814,1.0864975,0.0,1.0,1.6334803968192992,321.38707899603713,320.98,321.3345896207406,2172.995,0.0,1860
aapl_real,0,PPO,61,1.000000000000439,69.2434388250304,69.2434388250304,0.0,0.0,69.2434388250304,0.0,0.0,0.0,321.675,321.67499999999995,0.0,2152.59,1890
aapl_real,0,PPO,62,1.000000000000439,39.51182276251733,39.51182276251733,0.0,0.0,39.51182276251733,0.0,0.0,0.0,321.675,321.67499999999995,0.0,1228.3149999999998,1920
aapl_real,0,Regime-Aware PPO,0,-0.6458129130541522,-131.79878112977923,-129.5402644640741,133.93055741299918,2.2585166657051285,511.7100364301212,0.6979775614170147,6.552662894002624,315.2075372882274,315.35,315.0011276681434,4517.033331410256,1954.569168589744,60
aapl_real,0,Regime-Aware PPO,1,-3.8833881268998303,-478.34551337011334,-476.45385868411574,112.79577635695112,1.8916546859975965,58.22231494044505,0.9692672541646689,5.761226265321967,315.43317500617786,315.575,315.25155145433564,3783.3093719951926,119.95812800480792,90
aapl_real,0,Regime-Aware PPO,2,2.586796069676986,281.3991761277292,282.200925300143,31.22811299245742,0.8017491724137931,121.04905797311457,0.4641958294205467,5.0425936546336985,315.01500017690813,314.915,314.85623097366516,1603.4983448275862,1850.8591551724137,120
aapl_real,0,Regime-Aware PPO,3,-7.3134589976668725,-585.4635037574086,-584.1914500074085,38.69900852286019,1.2720537500000002,0.0,1.0000000000000002,4.760142648550113,314.42987469917944,314.66,314.2802728061612,2544.1075000000005,0.0,150
aapl_real,0,Regime-Aware PPO,4,-18.050995055770994,-1401.112516410141,-1399.878577660141,38.5740700149825,1.2339387500000003,0.0,1.0000000000000002,5.033533048613691,313.95226010350586,314.52,313.79431070016824,2467.8775000000005,0.0,180
aapl_real,0,Regime-Aware PPO,5,11.261888839828417,1692.9385910409665,1693.2742160409664,11.949459082952368,0.335625,1686.7847044579796,0.14007765049348028,-2.8269577232597642,313.70916780124094,313.7,313.7978771344717,671.25,4120.735,210
aapl_real,0,Regime-Aware PPO,6,40.11134201524697,5653.550440505178,5654.686540505178,48.65950540819227,1.1361,3480.447797194071,0.5057163508165141,10.896419004383388,314.65638704485133,313.7,314.3138974522972,2272.2,2220.8325,240
aapl_real,0,Regime-Aware PPO,7,14.498743858467542,1060.0383921779207,1061.1986859279207,30.69408869847239,1.1602937500000001,0.0,1.0,3.07330164899002,315.5167974240049,315.06,315.4198593866072,2320.5875,0.0,270
aapl_real,0,Regime-Aware PPO,8,-6.7710813255263895,-579.637141758579,-578.3126794799056,47.79719674005319,1.3244622786733948,18.587967513707053,0.9770609352044417,3.31504554147677,315.5291630249102,315.755,315.42459833407224,2648.9245573467897,62.19044265321058,300
aapl_real,0,Regime-Aware PPO,9,16.86495862399029,1383.2212034212,1384.5211284212,24.49477528771524,1.299925,0.0,0.9999999999999998,7.24561982116804,316.002038849711,315.47,315.77324156390404,2599.85,0.0,330
aapl_real,0,Regime-Aware PPO,10,16.7541231292147,1292.5492869680334,1293.7705069680333,31.512127074051005,1.22122,0.0,1.0,-4.395873257801007,316.3942041102209,315.865,316.53334815825804,2442.44,0.0,360
aapl_real,0,Regime-Aware PPO,11,41.62409817600656,8643.002427037613,8646.280674537613,294.5862962381717,3.278247500000001,0.0,1.0000000000000002,-34.41849618801489,318.0182351892341,316.7,319.11658649080067,6556.495000000002,0.0,390
aapl_real,0,Regime-Aware PPO,12,17.190535280220345,6994.471793967643,7000.767602717643,828.9121025785201,6.29580875,0.0,1.0,1.2973065832660564,323.69048636177735,323.135,323.64849922890596,12591.6175,0.0,420
aapl_real,0,Regime-Aware PPO,13,7.668033819606361,3457.9682435253717,3462.759489613584,425.4919848185564,4.791246088212131,1630.7454671378266,0.6905335164974601,6.800675894424119,325.160683461332,324.97,324.9397025011379,9582.492176424263,4294.447823575735,450
aapl_real,0,Regime-Aware PPO,14,20.550772416577704,7517.461278810239,7520.313448617931,246.63354680282106,2.8521698076923077,4964.4905785601295,0.5052355830995842,14.515131349515746,324.43754886146064,323.99,323.9673060614176,5704.339615384615,5586.115384615386,480
aapl_real,0,Regime-Aware PPO,15,58.30866624633739,15920.339046088431,15924.54360358843,399.4163336002678,4.204557499999999,0.0,0.9999999999999998,25.645521420050475,326.58322408435237,324.69,325.74782679738564,8409.114999999998,0.0,510
aapl_real,0,Regime-Aware PPO,16,7.720519324563929,1770.609689867012,1774.123158617012,338.8274235252867,3.5134687500000004,0.0,1.0000000000000002,12.00045554883218,326.6219745891958,326.37,326.2304831480266,7026.937500000001,0.0,540
aapl_real,0,Regime-Aware PPO,17,-7.939556645775297,-1558.891601627835,-1555.885892877835,241.03500207578188,3.00570875,0.0,1.0000000000000002,7.560065834367527,326.3606782008357,326.62,326.11413376875475,6011.4175000000005,0.0,570
aapl_real,0,Regime-Aware PPO,18,-8.456897215153758,-1444.8219802723247,-1442.3582896540534,138.77424242530506,2.4636906182714213,309.933051033911,0.939385754935534,6.249108051152127,325.3538767476946,325.71,325.15068657036613,4927.381236542842,317.94126345715677,600
aapl_real,0,Regime-Aware PPO,19,18.513028117186888,2697.0814480290387,2697.763450920904,36.93625997116334,0.6820028918650793,2170.535624842687,0.30399177704173325,9.357084596007503,325.0710290252922,324.685,324.76714166343737,1364.0057837301588,3122.9767162698417,630
aapl_real,0,Regime-Aware PPO,20,1.452987352469874,144.55773064418284,146.08684064418284,70.024431161191,1.5291100000000002,0.0,1.0,9.050502742727,325.3672685845506,325.32,325.07306112142396,3058.2200000000003,0.0,660
aapl_real,0,Regime-Aware PPO,21,30.663755106433342,3346.06119900261,3347.620631830542,113.47496856796768,1.5594328279320988,222.41500738950774,0.9281336926787503,18.067954364651506,325.73153278027223,324.73,325.14406396929877,3118.8656558641974,241.49684413580297,690
aapl_real,0,Regime-Aware PPO,22,4.456909688708014,480.0175858017524,481.6710783017524,86.45947064101803,1.6534925,0.0,1.0,7.596134522976645,325.8251526347418,325.68,325.5778393282181,3306.985,0.0,720
aapl_real,0,Regime-Aware PPO,23,2.9784975397584836,297.09233911827874,298.62462536827877,52.2637246319392,1.5322862500000005,0.0,1.0000000000000002,13.230914400651653,325.5769441379241,325.48,325.14674526250224,3064.572500000001,0.0,750
aapl_real,0,Regime-Aware PPO,24,-48.867237386025195,-15607.296420070199,-15602.4184288202,779.9510425608955,4.87799125,0.0,1.0,12.90222573020794,325.77023324969366,327.37,325.3504587436799,9755.9825,0.0,780
aapl_real,0,Regime-Aware PPO,25,-2.7412434816248488,-1175.5652376131109,-1173.230953249842,175.01318242156086,2.3342843632688073,778.3356208930243,0.35365587192199416,7.708393394073613,324.44147754205704,324.86,324.19157792029154,4668.568726537615,8532.311273462386,810
aapl_real,0,Regime-Aware PPO,26,26.13172271819641,7306.009252930027,7306.334677930027,19.378468802713506,0.325425,6917.296839727321,0.0754491694766174,5.21590076915464,324.7022380935741,324.105,324.5329649194402,650.85,7975.487499999999,840
aapl_real,0,Regime-Aware PPO,27,63.74939747579352,10386.44951123518,10386.88781123518,36.58514571829547,0.4383,8673.231869116886,0.17467840621397607,46.99701108769078,326.6143892791676,324.66,325.08657952094705,876.6,4141.764999999999,870
aapl_real,0,Regime-Aware PPO,28,-1.3690656004686146,-134.9800132955202,-133.47097829552018,66.45499012252364,1.509035,0.0,0.9999999999999999,30.431974143151802,326.63027604949673,326.675,325.6392913999091,3018.0699999999997,0.0,900
aapl_real,0,Regime-Aware PPO,29,3.9767346669872956,662.4357971523655,664.9958546523654,198.06932576397045,2.5600574999999997,0.0,0.9999999999999998,4.684367645344871,325.46937908565576,325.34,325.31698864804537,5120.114999999999,0.0,930
aapl_real,0,Regime-Aware PPO,30,33.6833847004284,6418.9121397913,6420.095469558929,73.06755260845352,1.183329767628205,4789.677845274369,0.40363933726025736,5.261220960277163,325.70341093120743,325.015,325.5321412787135,2366.6595352564104,3496.6429647435893,960
aapl_real,0,Regime-Aware PPO,31,0.003297370506321898,0.36815820897109575,2.05792654192015,47.448778078074334,1.6897683329490543,45.32369778975666,0.9873876556402342,9.172686961089406,326.19669772101173,326.21,325.8977619058835,3379.5366658981084,43.168334101892384,990
aapl_real,0,Regime-Aware PPO,32,24.437170670726665,3032.1701883836167,3033.724234549911,78.09920537189508,1.5540461662946428,678.018803064808,0.8144698621926185,16.068282635448075,325.90742646401935,325.15,325.3845893093951,3108.0923325892854,708.0001674107144,1020
aapl_real,0,Regime-Aware PPO,33,16.929510702972568,2031.4647536571,2033.3063049071,59.8531749063768,1.8415512500000002,0.0,1.0000000000000002,6.865228660036636,326.35156345870286,325.8,326.12766935645317,3683.1025000000004,0.0,1050
aapl_real,0,Regime-Aware PPO,34,-16.15699140995955,-1681.444154085818,-1679.850006585818,56.327248874334536,1.5941475,0.0,1.0,8.46373103214032,325.88261964338756,326.41,325.60703460707884,3188.295,0.0,1080
aapl_real,0,Regime-Aware PPO,35,20.69722707013915,2288.1298808667348,2289.8323646167346,60.0059134608291,1.7024837500000003,0.0,1.0,1.1676074186329304,325.3519975685133,324.68,325.3140136629395,3404.9675,0.0,1110
aapl_real,0,Regime-Aware PPO,36,1.06711589296993,124.03576503359149,125.82077628359148,53.30707192128099,1.7850112500000004,0.0,1.0,11.807973998710617,325.61974369280125,325.585,325.2357062165555,3570.0225000000005,0.0,1140
aapl_real,0,Regime-Aware PPO,37,45.24618834156275,8223.275764299744,8226.075030549744,341.7044314315253,2.7992662499999996,0.0,0.9999999999999997,5.9586985033950395,326.0988270121322,324.63,325.9046302688689,5598.532499999998,0.0,1170
aapl_real,0,Regime-Aware PPO,38,83.71343668722761,20377.423017070385,20381.154945820384,358.11084396500974,3.7319287500000007,0.0,1.0000000000000002,25.808480779412765,328.86014631068053,326.13,328.0135930594943,7463.857500000001,0.0,1200
aapl_real,0,Regime-Aware PPO,39,-17.09312389488231,-4163.251983293616,-4159.761612289798,256.3910378311245,3.490371003818307,864.044779800821,0.9467136231424654,15.933696086316026,329.5948334679043,330.315,329.07050253007577,6980.742007636613,392.9154923633857,1230
aapl_real,0,Regime-Aware PPO,40,34.1035544994408,7338.876308310898,7342.146732060898,288.15964154347876,3.2704237500000004,0.0,1.0,9.304784942604746,330.1220069430316,329.0,329.81512106579794,6540.847500000001,0.0,1260
aapl_real,0,Regime-Aware PPO,41,5.08391069675673,1008.1085603682104,1009.2098169268523,76.79605913570435,1.1012565586419754,840.2417208372513,0.3663581459783306,4.490089338864425,329.9112160453047,329.835,329.7631494451373,2202.5131172839506,3809.39938271605,1290
aapl_real,0,Regime-Aware PPO,42,19.57077153077636,3029.0050513976053,3031.3178310851054,153.2401065527063,2.3127796875,28.432989892436286,0.9854709875142611,12.544479246556389,330.38869388072766,329.74,329.97475773070363,4625.559375,68.19562499999932,1320
aapl_real,0,Regime-Aware PPO,43,3.6148154155334025,393.85502205798264,394.9709972424316,57.32181483764143,1.1159751844489647,1017.0377684849568,0.6761457529098631,1.9631688815213122,329.79079005200515,330.07,329.72605925810893,2231.9503688979294,1069.0396311020718,1350
aapl_real,0,Regime-Aware PPO,44,-30.306303230032043,-2812.357838712524,-2810.947473712524,58.10141897212007,1.4103649999999999,0.0,1.0,0.10079872472463086,327.9879680831868,328.985,327.9846620396205,2820.73,0.0,1380
aapl_real,0,Regime-Aware PPO,45,-9.658233982275705,-779.4551902128345,-778.2241252128346,39.26926228853563,1.231065,0.0,1.0,6.223375067583726,327.46342240652893,327.78,327.2597563856775,2462.13,0.0,1410
aapl_real,0,Regime-Aware PPO,46,7.857450993535112,679.3356472980504,680.6569810480504,46.179988530447844,1.32133375,0.0,1.0,6.525465073938711,327.41706436670455,327.16,327.20354883370624,2642.6675,0.0,1440
aapl_real,0,Regime-Aware PPO,47,2.729089605236051,246.85580328521846,248.23846203521845,33.9423080775816,1.3826587500000003,0.0,1.0000000000000002,8.628503965261432,327.18926852098724,327.1,326.90719651684543,2765.3175000000006,0.0,1470
aapl_real,0,Regime-Aware PPO,48,17.32230662791114,1864.6009859479716,1866.2460771979715,52.3570685351809,1.6450912500000001,0.0,1.0000000000000002,7.811917342827956,327.72671658363873,327.16,327.47089902410295,3290.1825000000003,0.0,1500
aapl_real,0,Regime-Aware PPO,49,11.86503448216502,1285.5626805520455,1287.2164068020456,47.31510326758975,1.65372625,0.0,1.0,0.11956531893346958,327.9786866646012,327.59,327.9747652238606,3307.4525000000003,0.0,1530
aapl_real,0,Regime-Aware PPO,50,-56.4216257778729,-8899.36383817837,-8896.96066817837,216.96628642250468,2.4031700000000003,0.0,1.0,28.821296061689832,326.31841150684755,328.17,325.38062238180726,4806.34,0.0,1560
aapl_real,0,Regime-Aware PPO,51,-22.256127819101486,-6340.19401850893,-6335.78447600893,442.82813006796204,4.409542500000001,0.0,1.0000000000000002,11.016994351470034,322.30108255918736,323.02,321.9463943983311,8819.085000000001,0.0,1590
aapl_real,0,Regime-Aware PPO,52,-20.30765573077235,-6755.857244934355,-6750.971920611887,268.2955331480805,4.885324322467672,1451.749481801643,0.9427156072692677,-0.3687995838260216,320.13997319881213,320.98,320.1517803831488,9770.648644935343,593.7163550646544,1620
aapl_real,0,Regime-Aware PPO,53,36.362141953992676,9971.912257807002,9973.198574980079,89.11865249013537,1.286317173076923,8964.636584628162,0.2985690435936025,-3.1909191758001882,318.66153472186386,318.27,318.76324949840034,2572.634346153846,6043.913153846153,1650
aapl_real,0,Regime-Aware PPO,54,58.62437422797431,11536.161889851699,11536.7472648517,28.01891971032683,0.585375,9492.465547016407,0.1899618372631866,21.517756125769612,321.03563001736944,319.29,320.34631662567546,1170.75,4992.329999999999,1680
aapl_real,0,Regime-Aware PPO,55,5.0865471943095315,664.0049012689673,664.5258909356339,24.827118305449787,0.5209896666666667,763.5728178348178,0.25617382140085443,-3.1389751548395006,320.8444434823411,320.94,320.945187379266,1041.9793333333334,3025.490666666667,1710
aapl_real,0,Regime-Aware PPO,56,18.679859409365793,1684.8048154479386,1685.996444073521,52.61406288341246,1.191628625582298,224.3762252693519,0.8472124196411186,8.85525604222998,321.2377868023751,320.625,320.95357419465887,2383.2572511645963,429.8002488354043,1740
aapl_real,0,Regime-Aware PPO,57,15.730735776679909,1131.6173570463834,1132.7373082963834,35.02226718995796,1.1199512499999997,0.0,1.0,6.033036161782775,321.66520831020387,321.16,321.47126353441615,2239.9024999999997,0.0,1770
aapl_real,0,Regime-Aware PPO,58,-1.5316955885609558,-106.65334045056805,-105.57019795056806,32.40253323817757,1.0831425000000001,0.0,1.0,8.009209963591848,321.3807667086969,321.43,321.12357209737826,2166.2850000000003,0.0,1800
aapl_real,0,Regime-Aware PPO,59,5.421837133259621,427.7013927101555,428.89872484387513,30.345737900725652,1.1973321337196214,14.065492357941178,0.9748961681368804,6.849380622257627,321.322732314077,321.15,321.10279678667064,2394.664267439243,61.66323256075672,1830
aapl_real,0,Regime-Aware PPO,60,14.034895677775848,978.9170405635791,980.0012307862283,21.487591815045327,1.0841902226492632,3.355554205883647,0.9978764080444393,2.9661812872833866,321.4299032854096,320.98,321.3345896207406,2168.3804452985264,4.614554701473338,1860
aapl_real,0,Regime-Aware PPO,61,1.000000000000439,69.2434388250304,69.2434388250304,0.0,0.0,69.2434388250304,0.0,0.0,0.0,321.675,321.67499999999995,0.0,2152.59,1890
aapl_real,0,Regime-Aware PPO,62,1.000000000000439,39.51182276251733,39.51182276251733,0.0,0.0,39.51182276251733,0.0,0.0,0.0,321.675,321.67499999999995,0.0,1228.3149999999998,1920
